User,Tweets Ago,Date,Compound,Positive,Negative,Neutral,Tweet Text
BBCNews,1,Sun Nov 05 23:15:46 +0000 2017,-0.0516,0.0,0.085,0.915,"Monday's Mail: ""Queen Dragged Into ¬£10m Offshore Tax Row"" https://t.co/59qLMsMYG1 #bbcpapers #tomorrowspaperstoday (via @AllieHBNews)"
BBCNews,2,Sun Nov 05 22:52:01 +0000 2017,-0.4404,0.0,0.209,0.791,"Monday's Mirror: ""Queen's ¬£10m Tax Haven Scandal"" https://t.co/PMTUvzjGA3 #bbcpapers #tomorrowspaperstoday (via @AllieHBNews)"
BBCNews,3,Sun Nov 05 22:49:02 +0000 2017,0.0,0.0,0.0,1.0,"Monday's Times: ""Queen invested millions in offshore tax havens"" https://t.co/mqFuOGvdvM #bbcpapers #tomorrowspaperstoday (via @AllieHBNews)"
BBCNews,4,Sun Nov 05 22:44:03 +0000 2017,0.4939,0.186,0.0,0.814,"Monday's i: ""Queen's personal wealth is invested in Cayman tax haven"" https://t.co/oIK4YPyZIJ #bbcpapers (via @AllieHBNews)"
BBCNews,5,Sun Nov 05 22:40:04 +0000 2017,-0.8402,0.0,0.455,0.545,"Monday's Guardian: ""Queen's cash invested in controversial retailer accused of exploiting the poor"" https://t.co/tzT5anXYCe via @AllieHBNews"
BBCNews,6,Sun Nov 05 22:36:26 +0000 2017,0.0,0.0,0.0,1.0,"Monday's Metro: ""Massacre At Church"" https://t.co/rnuGhX2ppR #bbcpapers #tomorrowspaperstoday (via @AllieHBNews)"
BBCNews,7,Sun Nov 05 22:36:09 +0000 2017,-0.0772,0.158,0.176,0.667,"Monday's Telegraph: ""Sex scandal will 'clear out' ministers"" https://t.co/z3dGcT3zjL #bbcpapers #tomorrowspaperstoday (via @AllieHBNews)"
BBCNews,8,Sun Nov 05 22:28:53 +0000 2017,0.6179,0.229,0.0,0.771,RT @BBCPanorama: Don't miss our must-see investigation into the offshore secrets of the rich - now on iPlayer. #paradisepapers. https://t.c‚Ä¶
BBCNews,9,Sun Nov 05 22:16:14 +0000 2017,-0.34,0.0,0.112,0.888,"RT @BBCSport: Three players have been released from Scotland's #RLWC squad after being deemed too drunk to board a flight.

https://t.co/Vy‚Ä¶"
BBCNews,10,Sun Nov 05 22:14:05 +0000 2017,0.0,0.0,0.0,1.0,"Monday's Express: ""Icy Blast To Sweep Britain"" https://t.co/xryvwkd8Ju #bbcpapers #tomorrowspaperstoday (via @AllieHBNews)"
BBCNews,11,Sun Nov 05 22:14:05 +0000 2017,-0.6249,0.0,0.272,0.728,"Monday's Star: ""Strictly Shirley In Fix Crisis"" https://t.co/l7ZnzH6IAt #bbcpapers #tomorrowspaperstoday (via @AllieHBNews)"
BBCNews,12,Sun Nov 05 22:11:05 +0000 2017,-0.4767,0.0,0.181,0.819,"Monday's FT: ""Princes and tycoons arrested in Saudi crackdown on corruption"" https://t.co/jqKtx7VV2n #bbcpapers (via @AllieHBNews)"
BBCNews,13,Sun Nov 05 22:00:39 +0000 2017,0.4019,0.13,0.0,0.87,"RT @BBCWorld: Don't know your ""double Irish"" from a ""drawdown""? 

Our jargon-busting guide to #ParadisePapers key terms will help

https://‚Ä¶"
BBCNews,14,Sun Nov 05 21:38:20 +0000 2017,-0.5106,0.0,0.231,0.769,"RT @BBCWorld: Are we failing to tame offshore finance? 

https://t.co/1GGw486DAM #ParadisePapers https://t.co/kAfXTtzys0"
BBCNews,15,Sun Nov 05 21:07:50 +0000 2017,0.6369,0.344,0.0,0.656,Paradise Papers: Lord Ashcroft stayed non-dom despite pledges https://t.co/x2t8ETV4zN
BBCNews,16,Sun Nov 05 21:05:52 +0000 2017,-0.9001,0.036,0.365,0.599,"RT @BBCOurWorld: Enslaved by ISIS or forced to fight for ISIS: the children &amp; families uprooted by war. ""Escaping ISIS""
on the BBC News Cha‚Ä¶"
BBCNews,17,Sun Nov 05 20:28:59 +0000 2017,0.0,0.0,0.0,1.0,"RT @BBCBreaking: The Queen‚Äôs private estate has invested about ¬£10m offshore, #ParadisePapers reveal https://t.co/mJlCewkM8b https://t.co/o‚Ä¶"
BBCNews,18,Sun Nov 05 19:46:54 +0000 2017,-0.0772,0.0,0.157,0.843,"#ParadisePapers: Tax haven secrets of ultra-rich exposed

https://t.co/JlLpynSnjq"
BBCNews,19,Sun Nov 05 19:29:45 +0000 2017,0.0,0.0,0.0,1.0,"RT @vicderbyshire: The Queen, an off-shore haven and Brighthouse https://t.co/FVvqZK4PWp #paradisepapers"
BBCNews,20,Sun Nov 05 19:02:28 +0000 2017,0.5574,0.175,0.0,0.825,RT @BBCPanorama: Watch our #paradisepapers investigation into the offshore secrets of the rich &amp; famous on iPlayer.  https://t.co/MIH4CMbhZ‚Ä¶
BBCNews,21,Sun Nov 05 23:15:46 +0000 2017,-0.0516,0.0,0.085,0.915,"Monday's Mail: ""Queen Dragged Into ¬£10m Offshore Tax Row"" https://t.co/59qLMsMYG1 #bbcpapers #tomorrowspaperstoday (via @AllieHBNews)"
BBCNews,22,Sun Nov 05 22:52:01 +0000 2017,-0.4404,0.0,0.209,0.791,"Monday's Mirror: ""Queen's ¬£10m Tax Haven Scandal"" https://t.co/PMTUvzjGA3 #bbcpapers #tomorrowspaperstoday (via @AllieHBNews)"
BBCNews,23,Sun Nov 05 22:49:02 +0000 2017,0.0,0.0,0.0,1.0,"Monday's Times: ""Queen invested millions in offshore tax havens"" https://t.co/mqFuOGvdvM #bbcpapers #tomorrowspaperstoday (via @AllieHBNews)"
BBCNews,24,Sun Nov 05 22:44:03 +0000 2017,0.4939,0.186,0.0,0.814,"Monday's i: ""Queen's personal wealth is invested in Cayman tax haven"" https://t.co/oIK4YPyZIJ #bbcpapers (via @AllieHBNews)"
BBCNews,25,Sun Nov 05 22:40:04 +0000 2017,-0.8402,0.0,0.455,0.545,"Monday's Guardian: ""Queen's cash invested in controversial retailer accused of exploiting the poor"" https://t.co/tzT5anXYCe via @AllieHBNews"
BBCNews,26,Sun Nov 05 22:36:26 +0000 2017,0.0,0.0,0.0,1.0,"Monday's Metro: ""Massacre At Church"" https://t.co/rnuGhX2ppR #bbcpapers #tomorrowspaperstoday (via @AllieHBNews)"
BBCNews,27,Sun Nov 05 22:36:09 +0000 2017,-0.0772,0.158,0.176,0.667,"Monday's Telegraph: ""Sex scandal will 'clear out' ministers"" https://t.co/z3dGcT3zjL #bbcpapers #tomorrowspaperstoday (via @AllieHBNews)"
BBCNews,28,Sun Nov 05 22:28:53 +0000 2017,0.6179,0.229,0.0,0.771,RT @BBCPanorama: Don't miss our must-see investigation into the offshore secrets of the rich - now on iPlayer. #paradisepapers. https://t.c‚Ä¶
BBCNews,29,Sun Nov 05 22:16:14 +0000 2017,-0.34,0.0,0.112,0.888,"RT @BBCSport: Three players have been released from Scotland's #RLWC squad after being deemed too drunk to board a flight.

https://t.co/Vy‚Ä¶"
BBCNews,30,Sun Nov 05 22:14:05 +0000 2017,0.0,0.0,0.0,1.0,"Monday's Express: ""Icy Blast To Sweep Britain"" https://t.co/xryvwkd8Ju #bbcpapers #tomorrowspaperstoday (via @AllieHBNews)"
BBCNews,31,Sun Nov 05 22:14:05 +0000 2017,-0.6249,0.0,0.272,0.728,"Monday's Star: ""Strictly Shirley In Fix Crisis"" https://t.co/l7ZnzH6IAt #bbcpapers #tomorrowspaperstoday (via @AllieHBNews)"
BBCNews,32,Sun Nov 05 22:11:05 +0000 2017,-0.4767,0.0,0.181,0.819,"Monday's FT: ""Princes and tycoons arrested in Saudi crackdown on corruption"" https://t.co/jqKtx7VV2n #bbcpapers (via @AllieHBNews)"
BBCNews,33,Sun Nov 05 22:00:39 +0000 2017,0.4019,0.13,0.0,0.87,"RT @BBCWorld: Don't know your ""double Irish"" from a ""drawdown""? 

Our jargon-busting guide to #ParadisePapers key terms will help

https://‚Ä¶"
BBCNews,34,Sun Nov 05 21:38:20 +0000 2017,-0.5106,0.0,0.231,0.769,"RT @BBCWorld: Are we failing to tame offshore finance? 

https://t.co/1GGw486DAM #ParadisePapers https://t.co/kAfXTtzys0"
BBCNews,35,Sun Nov 05 21:07:50 +0000 2017,0.6369,0.344,0.0,0.656,Paradise Papers: Lord Ashcroft stayed non-dom despite pledges https://t.co/x2t8ETV4zN
BBCNews,36,Sun Nov 05 21:05:52 +0000 2017,-0.9001,0.036,0.365,0.599,"RT @BBCOurWorld: Enslaved by ISIS or forced to fight for ISIS: the children &amp; families uprooted by war. ""Escaping ISIS""
on the BBC News Cha‚Ä¶"
BBCNews,37,Sun Nov 05 20:28:59 +0000 2017,0.0,0.0,0.0,1.0,"RT @BBCBreaking: The Queen‚Äôs private estate has invested about ¬£10m offshore, #ParadisePapers reveal https://t.co/mJlCewkM8b https://t.co/o‚Ä¶"
BBCNews,38,Sun Nov 05 19:46:54 +0000 2017,-0.0772,0.0,0.157,0.843,"#ParadisePapers: Tax haven secrets of ultra-rich exposed

https://t.co/JlLpynSnjq"
BBCNews,39,Sun Nov 05 19:29:45 +0000 2017,0.0,0.0,0.0,1.0,"RT @vicderbyshire: The Queen, an off-shore haven and Brighthouse https://t.co/FVvqZK4PWp #paradisepapers"
BBCNews,40,Sun Nov 05 19:02:28 +0000 2017,0.5574,0.175,0.0,0.825,RT @BBCPanorama: Watch our #paradisepapers investigation into the offshore secrets of the rich &amp; famous on iPlayer.  https://t.co/MIH4CMbhZ‚Ä¶
BBCNews,41,Sun Nov 05 19:02:17 +0000 2017,0.0,0.0,0.0,1.0,"RT @BBCBreaking: Did oligarch, Alisher Usmanov, break @premierleague rules with stakes in both @arsenal &amp; @everton? https://t.co/eGNFIQI2qN‚Ä¶"
BBCNews,42,Sun Nov 05 18:52:21 +0000 2017,0.5523,0.186,0.0,0.814,RT @BBCPanorama: Thanks everyone for watching &amp; for all your comments. Don't forget to watch our second investigation tomorrow night at 9pm‚Ä¶
BBCNews,43,Sun Nov 05 18:47:12 +0000 2017,0.4019,0.184,0.0,0.816,RT @BBCJamesCook: The leader of Britain's Labour Party reacts to the #ParadisePapers... https://t.co/NTV3JpB2hc
BBCNews,44,Sun Nov 05 18:41:57 +0000 2017,-0.5267,0.0,0.134,0.866,"RT @BBCSport: FT Everton 3-2 Watford

What a comeback from the Toffees.  2-0 down but they fight back to take all three points.

https://t.‚Ä¶"
BBCNews,45,Sun Nov 05 18:41:48 +0000 2017,0.6597,0.234,0.073,0.693,"RT @5liveSport: FT: 

Morata's goal wins it for #CFC

""Conte asked for determination and hunger and he got it"" - @Fizzer18

#CHEMUN 
https:‚Ä¶"
BBCNews,46,Sun Nov 05 18:41:21 +0000 2017,-0.1779,0.0,0.159,0.841,"RT @BBCWorld: How to hide your cash

https://t.co/lig25C5o6s

#ParadisePapers https://t.co/i5nToqlubZ"
BBCNews,47,Sun Nov 05 18:39:23 +0000 2017,0.0,0.0,0.0,1.0,"Live #ParadisePapers updates: https://t.co/pETCL01Jmt

Twitter list of BBC journalists covering the story: https://t.co/LrMOZLRSjP"
BBCNews,48,Sun Nov 05 18:25:40 +0000 2017,-0.0772,0.116,0.181,0.704,"RT @BBCBreaking: Huge #ParadisePapers investigation:

‚Ä¢ Tax affairs of 100+ public figures exposed
‚Ä¢ 13.4m documents leaked

Latest: https:‚Ä¶"
BBCNews,49,Sun Nov 05 18:21:31 +0000 2017,-0.1027,0.0,0.076,0.924,Lord Ashcroft secretly remained a non-dom despite attempts by MPs to make peers pay full UK tax https://t.co/dmUeANyRSa #ParadisePapers
BBCNews,50,Sun Nov 05 18:13:34 +0000 2017,-0.5267,0.0,0.274,0.726,BT Openreach van effigy set alight by frustrated villagers https://t.co/7fW5yZh9qC
BBCNews,51,Sun Nov 05 18:04:14 +0000 2017,0.5994,0.336,0.104,0.56,Paradise Papers: Tax haven secrets of ultra-rich exposed https://t.co/0P5jsNGLGv
BBCNews,52,Sun Nov 05 17:57:40 +0000 2017,0.0,0.0,0.0,1.0,Police officers mown down in Wolverhampton hit-and-run https://t.co/N00C0Ej4zH
BBCNews,53,Sun Nov 05 17:27:19 +0000 2017,0.781,0.272,0.0,0.728,RT @BBCPanorama: Don't miss our latest investigation into the hidden offshore world of the rich &amp; powerful - coming up at 6pm on @BBCOne. h‚Ä¶
BBCNews,54,Sun Nov 05 16:33:05 +0000 2017,0.0,0.0,0.0,1.0,RT @BBCWorld: The evolving world of emojis üëçüèª https://t.co/v3WaJfqvik
BBCNews,55,Sun Nov 05 16:19:28 +0000 2017,0.3612,0.238,0.0,0.762,Corbyn defends promoting MP Kelvin Hopkins despite reprimand https://t.co/vtNIWa9RPp
BBCNews,56,Sun Nov 05 16:13:11 +0000 2017,0.128,0.176,0.0,0.824,BBC extends Met Office weather forecast contract https://t.co/BX2C9rztf1
BBCNews,57,Sun Nov 05 16:07:40 +0000 2017,0.802,0.301,0.0,0.699,"RT @BBCSport: FT Man City 3-1 Arsenal 

Another game, another win for #MCFC.

They're currently EIGHT points clear at the top.

https://t.c‚Ä¶"
BBCNews,58,Sun Nov 05 15:57:52 +0000 2017,-0.7717,0.0,0.427,0.573,Desert Island Discs: Hillsborough activist Phil Scraton 'had death threats' https://t.co/pwQjryK3eZ
BBCNews,59,Sun Nov 05 15:50:45 +0000 2017,0.0,0.0,0.0,1.0,wi-fry! üî• https://t.co/7wqSEUuWsR
BBCNews,60,Sun Nov 05 14:37:50 +0000 2017,0.3867,0.111,0.0,0.889,"RT @BBCSport: GOAL! Man City 1-0 Arsenal

Petr Cech gets a touch, but it's not enough to stop Kevin De Bruyne.

https://t.co/l9uzcmUALd #MC‚Ä¶"
BBCNews,61,Sun Nov 05 14:26:33 +0000 2017,0.0,0.0,0.0,1.0,"RT @BBCSport: We're off.

What are your predictions for this one? Use #bbcfootball 

#MCFCvAFC
üëâ https://t.co/l9uzcmUALd #bbcfootball https‚Ä¶"
BBCNews,62,Sun Nov 05 14:26:15 +0000 2017,0.0,0.0,0.0,1.0,"RT @BBCSport: Nine games ‚úÖ
Goals as they happen ‚úÖ
Expert analysis ‚úÖ

It's #FACup Final Score. Watch @BBCOne now. #winnerstayson #bbcfacup h‚Ä¶"
BBCNews,63,Sun Nov 05 14:03:55 +0000 2017,0.2023,0.184,0.0,0.816,RT @BBCSport: An important three points for Tottenham. https://t.co/isgi4pAztg
BBCNews,64,Sun Nov 05 13:41:57 +0000 2017,0.4019,0.114,0.0,0.886,"RT @BBCSport: David Moyes is interested in becoming West Ham manager.

Has he already held talks with the club?

Full details: https://t.co‚Ä¶"
BBCNews,65,Sun Nov 05 12:57:41 +0000 2017,0.0,0.0,0.0,1.0,RT @BBCBreaking: Ex-Catalan leader Carles Puigdemont and several former advisors turn themselves in to Belgian police https://t.co/LASvd9xP‚Ä¶
BBCNews,66,Sun Nov 05 12:12:31 +0000 2017,-0.6597,0.0,0.435,0.565,Fireworks display in Amesbury cancelled after 14 hurt https://t.co/MqHO0OqvPz
BBCNews,67,Sun Nov 05 12:06:29 +0000 2017,0.0,0.0,0.0,1.0,Woman's deliberate scratch snares Watford burglar https://t.co/mJ0mR4rSZw
BBCNews,68,Sun Nov 05 12:03:45 +0000 2017,-0.1232,0.0,0.058,0.942,"RT @bbc5live: Guy Fawkes joined us on 5 live this morning. He's not a fan of fireworks üéÜ

(Not THE Guy Fawkes, obviously... but he may be a‚Ä¶"
BBCNews,69,Sun Nov 05 11:14:11 +0000 2017,-0.1779,0.122,0.154,0.724,RT @BBCScotlandNews: MSP Monica Lennon say she was sexually assaulted by a Scottish Labour colleague at a party https://t.co/ZYXA7IBnL6 htt‚Ä¶
BBCNews,70,Sun Nov 05 10:47:11 +0000 2017,0.2263,0.241,0.175,0.584,Briton held in Egypt over drugs made 'honest mistake' https://t.co/AltnLfFxb5
BBCNews,71,Sun Nov 05 10:25:32 +0000 2017,-0.296,0.0,0.104,0.896,"""There was no black book"" ‚Äì Amber Rudd says she doesn't think whips were sitting on information about sexual harass‚Ä¶ https://t.co/0Ewj43qpIj"
BBCNews,72,Sun Nov 05 10:23:48 +0000 2017,-0.5859,0.0,0.375,0.625,"Brexit 'threat to UK broadcasting jobs', trade body warns https://t.co/K20A9M009p"
BBCNews,73,Sun Nov 05 10:23:46 +0000 2017,0.4939,0.286,0.0,0.714,Shropshire care home resident 'in bed for a year' https://t.co/wcvV4U0y76
BBCNews,74,Sun Nov 05 10:16:10 +0000 2017,0.2263,0.091,0.0,0.909,"""It's straight out of House of Cards, isn't it?"" ‚Äî Andrew #Marr asks Amber Rudd about appointment of Gavin Williams‚Ä¶ https://t.co/LaDgqhNxx4"
BBCNews,75,Sun Nov 05 10:08:24 +0000 2017,-0.296,0.0,0.239,0.761,CBI: 'Time to stop Brexit soap opera' https://t.co/1bstW1Xdx3
BBCNews,76,Sun Nov 05 10:07:06 +0000 2017,0.0772,0.07,0.057,0.873,"RT @MarrShow: ""We must make the distinction between serious allegations and some that are just tittle tattle...we must be careful"" says @Am‚Ä¶"
BBCNews,77,Sun Nov 05 09:53:15 +0000 2017,-0.7506,0.0,0.225,0.775,"RT @MarrShow: ""What we've seen is the abuse of power...we are going to be making changes. It has to stop"" says @AmberRuddHR #marr https://t‚Ä¶"
BBCNews,78,Sun Nov 05 09:49:10 +0000 2017,-0.7351,0.0,0.408,0.592,Second teenager arrested over acid attack on London delivery driver https://t.co/xaLtb5W9p0
BBCNews,79,Sun Nov 05 09:48:22 +0000 2017,-0.5664,0.0,0.25,0.75,"RT @MarrShow: ""Trump has leadership qualities...he sees Iran as a problem, not a solution"" says @netanyahu #marr https://t.co/lgMkyCe9Ce"
BBCNews,80,Sun Nov 05 09:42:18 +0000 2017,0.0,0.0,0.0,1.0,"RT @MarrShow: ""Israel stands out as a beacon of democracy"" - Israel PM Benjamin @netanyahu tells #marr https://t.co/TesVq0SFKP"
BBCNews,81,Sun Nov 05 09:41:29 +0000 2017,-0.7184,0.0,0.261,0.739,"People shouldn't have to ""go to the press"" to complain about sexual harassment in Westminster, Conservative Anna So‚Ä¶ https://t.co/eCks47rLFW"
BBCNews,82,Sun Nov 05 09:40:09 +0000 2017,0.5267,0.129,0.0,0.871,"RT @MarrShow: ""We should have a policy in Westminster where women don't have to be brave, it just has to be dealt with"" says @DawnButlerBre‚Ä¶"
BBCNews,83,Sun Nov 05 09:26:52 +0000 2017,0.7579,0.283,0.0,0.717,RT @MarrShow: .@DawnButlerBrent says Kelvin Hopkins case was resolved to the interest of both sides before he was promoted by Corbyn #marr‚Ä¶
BBCNews,84,Sun Nov 05 08:48:07 +0000 2017,0.2942,0.084,0.0,0.916,"RT @bbcweather: Drivers ...prepare to groan!
Your first commute of the week may require the use of the ice scraperüôà
Warm socks &amp; gloves for‚Ä¶"
BBCNews,85,Sun Nov 05 06:46:14 +0000 2017,-0.5423,0.0,0.304,0.696,"Sexual harassment at Welsh Assembly 'ignored', ex-AMs say https://t.co/0OeaFx4TDi"
BBCNews,86,Sun Nov 05 05:55:21 +0000 2017,0.0,0.0,0.0,1.0,Damian Green says computer porn allegations are 'political smears' https://t.co/bciWqXUHqM
BBCNews,87,Sun Nov 05 05:37:48 +0000 2017,0.4767,0.341,0.0,0.659,Lewes bonfire festivities attended by thousands https://t.co/ab5BtOeQrX
BBCNews,88,Sun Nov 05 01:17:47 +0000 2017,-0.6369,0.0,0.296,0.704,Social media giants have 'moral duty' to tackle child abuse https://t.co/2d5nY1Hnu0
BBCNews,89,Sun Nov 05 00:12:15 +0000 2017,0.0,0.0,0.0,1.0,Psychiatrist vacancies 'double in four years' in England https://t.co/z7RzlEBUiL
BBCNews,90,Sun Nov 05 00:09:15 +0000 2017,-0.2732,0.0,0.189,0.811,Budget 2017: Pubs urge Hammond to cut beer duty https://t.co/6uWURZQ7Ym
BBCNews,91,Sun Nov 05 00:09:15 +0000 2017,-0.5994,0.0,0.302,0.698,Iraq War: Gordon Brown says UK 'misled' over WMDs https://t.co/2X3YB9rfA8
BBCNews,92,Sat Nov 04 18:26:27 +0000 2017,-0.6908,0.0,0.416,0.584,Man charged over death of Chloe Miazek in Aberdeen https://t.co/aQQdYjP5FI
BBCNews,93,Sat Nov 04 17:57:34 +0000 2017,0.25,0.2,0.0,0.8,Widower's bid to fulfil Hereford sweetheart's baby dream https://t.co/6ZiUR1Sqi3
BBCNews,94,Sat Nov 04 17:56:40 +0000 2017,0.0,0.0,0.0,1.0,"RT @BBCSport: GOAL! West Ham 0-2 Liverpool

Joel Matip pokes home from close range for his second Premier League goal.

https://t.co/Vcjq0l‚Ä¶"
BBCNews,95,Sat Nov 04 17:19:22 +0000 2017,0.0,0.0,0.0,1.0,Trump pitches for $2 trillion Saudi Aramco oil float https://t.co/bIG2IW7zg8
BBCNews,96,Sat Nov 04 16:58:52 +0000 2017,-0.3802,0.13,0.239,0.63,"RT @BBCSport: There are some shocks around!

Boreham Wood have beaten former FA Cup winners Blackpool.

#bbcfacup 

https://t.co/qRF4uXTePE‚Ä¶"
BBCNews,97,Sat Nov 04 16:24:33 +0000 2017,-0.7096,0.0,0.541,0.459,Borehamwood lamppost hacked down and stolen https://t.co/pd2QAXv6yq
BBCNews,98,Sat Nov 04 16:21:15 +0000 2017,0.4588,0.243,0.096,0.662,Tatler sorry for Downton Abbey star 'fun in bed' remark https://t.co/b2Hr8dgM4y
BBCNews,99,Sat Nov 04 15:25:31 +0000 2017,0.6369,0.174,0.0,0.826,"RT @BBCSport: Celtic are surpassing their own records in British football...

Are they one of the greatest European teams?

More ‚û° https://‚Ä¶"
BBCNews,100,Sat Nov 04 15:24:43 +0000 2017,0.128,0.169,0.149,0.683,"RT @VictoriaLIVE: ""The hate started drifting away and the love started building in my heart""

Full interview: https://t.co/zSAxk9gxcD https‚Ä¶"
CBSNews,1,Sun Nov 05 23:33:32 +0000 2017,0.0,0.0,0.0,1.0,"SOON: Law enforcement officials to give update on the church shooting in Sutherland Springs, Texas‚Ä¶ https://t.co/b9okeY8pB2"
CBSNews,2,Sun Nov 05 23:30:33 +0000 2017,0.0,0.0,0.0,1.0,"WH Press sec. says Pres. Trump "" has been briefed several times"" on Texas shooting &amp; receiving regular updates‚Ä¶ https://t.co/mKxSSd8vHQ"
CBSNews,3,Sun Nov 05 23:12:01 +0000 2017,-0.296,0.0,0.109,0.891,"Suspect in deadly Texas shooting served in the U.S. Air Force, was dishonorably discharged, CBS News has learned‚Ä¶ https://t.co/XZIXFSvmj7"
CBSNews,4,Sun Nov 05 22:48:19 +0000 2017,-0.296,0.0,0.109,0.891,"JUST IN: Suspect in Texas church shooting has been identified as Devin Patrick Kelley, sources tell CBS News‚Ä¶ https://t.co/25kWmP2XVf"
CBSNews,5,Sun Nov 05 22:39:01 +0000 2017,0.0,0.0,0.0,1.0,"""This guy came in around 11:15 a.m. and started shooting everybody in the church,‚Äù AG @KenPaxtonTX said on CBSN.‚Ä¶ https://t.co/PtCWa0ZE3K"
CBSNews,6,Sun Nov 05 22:35:31 +0000 2017,0.0,0.0,0.0,1.0,"Sen. Richard Blumenthal says ""enough is enough"" after church shooting in Sutherland Springs, Texas:‚Ä¶ https://t.co/n6zBK9aFUG"
CBSNews,7,Sun Nov 05 22:15:02 +0000 2017,-0.6705,0.0,0.2,0.8,"14-year-old daughter of First Baptist Church's pastor is among those killed in Texas shooting, mother tells CBS New‚Ä¶ https://t.co/1UmCov9mQu"
CBSNews,8,Sun Nov 05 22:02:35 +0000 2017,-0.6705,0.0,0.2,0.8,JUST IN: Law enforcement official tells Associated Press that more than 20 people were killed in Texas shooting‚Ä¶ https://t.co/ylsuZFKtzD
CBSNews,9,Sun Nov 05 21:58:06 +0000 2017,0.0,0.0,0.0,1.0,"""It's one of those things you don't expect to happen in small-town America,"" @HenryRamosTV says of Texas church sho‚Ä¶ https://t.co/PXLFIxjws9"
CBSNews,10,Sun Nov 05 21:37:43 +0000 2017,0.6369,0.245,0.0,0.755,"""We stand ready to help Wilson County in any way we can,"" Attorney General @KenPaxtonTX says https://t.co/9tZPX0Mduz https://t.co/1qGoKTwYgB"
CBSNews,11,Sun Nov 05 21:36:01 +0000 2017,0.0,0.0,0.0,1.0,"""It's a small area with not a lot of law enforcement,"" @KenPaxtonTX says, adding that he expects updates soon‚Ä¶ https://t.co/kZQh7Bao8w"
CBSNews,12,Sun Nov 05 21:33:08 +0000 2017,0.1154,0.062,0.0,0.938,"At least 15 people were shot, but that number is expected to be higher, official says. Here's what we know so far:‚Ä¶ https://t.co/1oqt8IYocX"
CBSNews,13,Sun Nov 05 21:12:30 +0000 2017,0.0,0.0,0.0,1.0,"JUST IN: Gunman in Sutherland Springs church shooting is deceased, law enforcement official confirms to CBS News‚Ä¶ https://t.co/SHl5n1a2CK"
CBSNews,14,Sun Nov 05 21:06:35 +0000 2017,-0.5994,0.0,0.196,0.804,"CBS affiliate @KENS5 reports that it confirmed there have been ""multiple casualties &amp; fatalities"" including childre‚Ä¶ https://t.co/dtQ0NkAGTC"
CBSNews,15,Sun Nov 05 20:46:31 +0000 2017,-0.4767,0.0,0.162,0.838,"""Keeping all harmed in Sutherland Springs in our prayers,"" Senator @tedcruz tweets after Texas church shooting.‚Ä¶ https://t.co/ECpfWIly9p"
CBSNews,16,Sun Nov 05 20:27:32 +0000 2017,0.0,0.0,0.0,1.0,"House Speaker @SpeakerRyan sends his prayers after shooting at Sutherland Springs, Texas church.‚Ä¶ https://t.co/tIBMD1NCAL"
CBSNews,17,Sun Nov 05 20:25:01 +0000 2017,0.0,0.0,0.0,1.0,"JUST IN: At least 15 people shot in Sutherland Springs church shooting, law enforcement official tells CBS News‚Ä¶ https://t.co/XUkHKBO9Jw"
CBSNews,18,Sun Nov 05 20:14:51 +0000 2017,0.3612,0.122,0.0,0.878,"""We do know there was a pursuit. It seems like it was a vehicle pursuit,"" CBS News' Pat Milton says‚Ä¶ https://t.co/QcVbhNatVm"
CBSNews,19,Sun Nov 05 20:12:02 +0000 2017,0.0,0.0,0.0,1.0,".@POTUS tweets he is ""monitoring situation from Japan"" after shooting at Texas church that left multiple dead‚Ä¶ https://t.co/KHZ3xjxBi3"
CBSNews,20,Sun Nov 05 20:10:01 +0000 2017,-0.296,0.0,0.121,0.879,"JUST IN: Sutherland Springs, Texas, church shooting suspect is down after a pursuit, sources tell CBS News‚Ä¶ https://t.co/pV08GWfuYn"
CBSNews,21,Sun Nov 05 23:33:32 +0000 2017,0.0,0.0,0.0,1.0,"SOON: Law enforcement officials to give update on the church shooting in Sutherland Springs, Texas‚Ä¶ https://t.co/b9okeY8pB2"
CBSNews,22,Sun Nov 05 23:30:33 +0000 2017,0.0,0.0,0.0,1.0,"WH Press sec. says Pres. Trump "" has been briefed several times"" on Texas shooting &amp; receiving regular updates‚Ä¶ https://t.co/mKxSSd8vHQ"
CBSNews,23,Sun Nov 05 23:12:01 +0000 2017,-0.296,0.0,0.109,0.891,"Suspect in deadly Texas shooting served in the U.S. Air Force, was dishonorably discharged, CBS News has learned‚Ä¶ https://t.co/XZIXFSvmj7"
CBSNews,24,Sun Nov 05 22:48:19 +0000 2017,-0.296,0.0,0.109,0.891,"JUST IN: Suspect in Texas church shooting has been identified as Devin Patrick Kelley, sources tell CBS News‚Ä¶ https://t.co/25kWmP2XVf"
CBSNews,25,Sun Nov 05 22:39:01 +0000 2017,0.0,0.0,0.0,1.0,"""This guy came in around 11:15 a.m. and started shooting everybody in the church,‚Äù AG @KenPaxtonTX said on CBSN.‚Ä¶ https://t.co/PtCWa0ZE3K"
CBSNews,26,Sun Nov 05 22:35:31 +0000 2017,0.0,0.0,0.0,1.0,"Sen. Richard Blumenthal says ""enough is enough"" after church shooting in Sutherland Springs, Texas:‚Ä¶ https://t.co/n6zBK9aFUG"
CBSNews,27,Sun Nov 05 22:15:02 +0000 2017,-0.6705,0.0,0.2,0.8,"14-year-old daughter of First Baptist Church's pastor is among those killed in Texas shooting, mother tells CBS New‚Ä¶ https://t.co/1UmCov9mQu"
CBSNews,28,Sun Nov 05 22:02:35 +0000 2017,-0.6705,0.0,0.2,0.8,JUST IN: Law enforcement official tells Associated Press that more than 20 people were killed in Texas shooting‚Ä¶ https://t.co/ylsuZFKtzD
CBSNews,29,Sun Nov 05 21:58:06 +0000 2017,0.0,0.0,0.0,1.0,"""It's one of those things you don't expect to happen in small-town America,"" @HenryRamosTV says of Texas church sho‚Ä¶ https://t.co/PXLFIxjws9"
CBSNews,30,Sun Nov 05 21:37:43 +0000 2017,0.6369,0.245,0.0,0.755,"""We stand ready to help Wilson County in any way we can,"" Attorney General @KenPaxtonTX says https://t.co/9tZPX0Mduz https://t.co/1qGoKTwYgB"
CBSNews,31,Sun Nov 05 21:36:01 +0000 2017,0.0,0.0,0.0,1.0,"""It's a small area with not a lot of law enforcement,"" @KenPaxtonTX says, adding that he expects updates soon‚Ä¶ https://t.co/kZQh7Bao8w"
CBSNews,32,Sun Nov 05 21:33:08 +0000 2017,0.1154,0.062,0.0,0.938,"At least 15 people were shot, but that number is expected to be higher, official says. Here's what we know so far:‚Ä¶ https://t.co/1oqt8IYocX"
CBSNews,33,Sun Nov 05 21:12:30 +0000 2017,0.0,0.0,0.0,1.0,"JUST IN: Gunman in Sutherland Springs church shooting is deceased, law enforcement official confirms to CBS News‚Ä¶ https://t.co/SHl5n1a2CK"
CBSNews,34,Sun Nov 05 21:06:35 +0000 2017,-0.5994,0.0,0.196,0.804,"CBS affiliate @KENS5 reports that it confirmed there have been ""multiple casualties &amp; fatalities"" including childre‚Ä¶ https://t.co/dtQ0NkAGTC"
CBSNews,35,Sun Nov 05 20:46:31 +0000 2017,-0.4767,0.0,0.162,0.838,"""Keeping all harmed in Sutherland Springs in our prayers,"" Senator @tedcruz tweets after Texas church shooting.‚Ä¶ https://t.co/ECpfWIly9p"
CBSNews,36,Sun Nov 05 20:27:32 +0000 2017,0.0,0.0,0.0,1.0,"House Speaker @SpeakerRyan sends his prayers after shooting at Sutherland Springs, Texas church.‚Ä¶ https://t.co/tIBMD1NCAL"
CBSNews,37,Sun Nov 05 20:25:01 +0000 2017,0.0,0.0,0.0,1.0,"JUST IN: At least 15 people shot in Sutherland Springs church shooting, law enforcement official tells CBS News‚Ä¶ https://t.co/XUkHKBO9Jw"
CBSNews,38,Sun Nov 05 20:14:51 +0000 2017,0.3612,0.122,0.0,0.878,"""We do know there was a pursuit. It seems like it was a vehicle pursuit,"" CBS News' Pat Milton says‚Ä¶ https://t.co/QcVbhNatVm"
CBSNews,39,Sun Nov 05 20:12:02 +0000 2017,0.0,0.0,0.0,1.0,".@POTUS tweets he is ""monitoring situation from Japan"" after shooting at Texas church that left multiple dead‚Ä¶ https://t.co/KHZ3xjxBi3"
CBSNews,40,Sun Nov 05 20:10:01 +0000 2017,-0.296,0.0,0.121,0.879,"JUST IN: Sutherland Springs, Texas, church shooting suspect is down after a pursuit, sources tell CBS News‚Ä¶ https://t.co/pV08GWfuYn"
CBSNews,41,Sun Nov 05 20:03:16 +0000 2017,-0.5256,0.0,0.159,0.841,"""It's a really sad deal. I can't even describe it. We can't even see inside the church,"" Wilson County Commissioner‚Ä¶ https://t.co/RUPsKmyicQ"
CBSNews,42,Sun Nov 05 19:55:01 +0000 2017,0.0,0.0,0.0,1.0,"Attorney General @KenPaxtonTX says ""thoughts and prayers of all Texans are with the people of Sutherland Springs"" a‚Ä¶ https://t.co/lWMp9Qoe2l"
CBSNews,43,Sun Nov 05 19:54:19 +0000 2017,0.0,0.0,0.0,1.0,"Law enforcement believes the one shooter is down following shooting in Sutherland Springs, CBS News' Pat Milton say‚Ä¶ https://t.co/XgSvduG7h5"
CBSNews,44,Sun Nov 05 19:49:19 +0000 2017,-0.6249,0.0,0.186,0.814,"Law enforcement officials confirm FBI crisis response team is on scene in Texas, CBS News' Pat Milton reports‚Ä¶ https://t.co/m1xykCHFdj"
CBSNews,45,Sun Nov 05 19:36:58 +0000 2017,-0.5994,0.0,0.196,0.804,Wilson County sheriff tells local newspaper there are multiple casualties and fatalities in Texas church shooting‚Ä¶ https://t.co/8jiPrgjK28
CBSNews,46,Sun Nov 05 19:33:01 +0000 2017,0.4019,0.13,0.0,0.87,.@ATFHQ says special agents from Houston and San Antonio are responding to shooting at church in Sutherland Springs‚Ä¶ https://t.co/xLWbMYmo7U
CBSNews,47,Sun Nov 05 19:30:01 +0000 2017,-0.8176,0.0,0.306,0.694,"Gov. @GregAbbott_TX on reported church shooting: ""Our prayers are with all who were harmed by this evil act.""‚Ä¶ https://t.co/tpnEQK0aO9"
CBSNews,48,Sun Nov 05 19:24:21 +0000 2017,0.0,0.0,0.0,1.0,"Witness tells CBS News she heard about 20 shots when gunfire reportedly erupted at church in Sutherland Springs, TX‚Ä¶ https://t.co/nyRzwP2MVb"
CBSNews,49,Sun Nov 05 19:18:15 +0000 2017,0.4995,0.139,0.0,0.861,"‚ÄúAt first, didn't think anything of it. Next thing we know, there is police everywhere,‚Äù witness says of TX shootin‚Ä¶ https://t.co/W3yebtIS4o"
CBSNews,50,Sun Nov 05 19:06:56 +0000 2017,-0.3182,0.0,0.126,0.874,Connally Memorial Medical Center confirms it received multiple victims related to reported shooting at Texas church‚Ä¶ https://t.co/6aT3AUE0LC
CBSNews,51,Sun Nov 05 18:54:19 +0000 2017,0.0,0.0,0.0,1.0,MORE: Wilson County sheriff says there is a ‚Äúsituation‚Äù and first responders are on scene amid reports of shooting‚Ä¶ https://t.co/K2OSKhBhMK
CBSNews,52,Sun Nov 05 18:48:28 +0000 2017,0.0,0.0,0.0,1.0,"DEVELOPING: Witnesses tell CBS affiliate @KENS5 several people have been shot at church in Sutherland Springs, Texa‚Ä¶ https://t.co/vzdAtDfW2g"
CBSNews,53,Sun Nov 05 18:35:02 +0000 2017,0.0,0.0,0.0,1.0,White House statement on President Trump's call with Saudi Arabia's King Salman doesn't mention overnight arrests‚Ä¶ https://t.co/lVtibbuCg5
CBSNews,54,Sun Nov 05 18:15:01 +0000 2017,0.5719,0.179,0.0,0.821,"Geoffrey Kamworor of Kenya wins men's New York City Marathon, holding off countryman Wilson Kipsang by 3 seconds:‚Ä¶ https://t.co/wLVOlFebgg"
CBSNews,55,Sun Nov 05 17:55:01 +0000 2017,0.0,0.0,0.0,1.0,Paul Newman's 1968 Daytona Rolex sold for $17.8 million -- the highest price ever paid for a watch at auction‚Ä¶ https://t.co/OpRWSDTvQn
CBSNews,56,Sun Nov 05 17:35:47 +0000 2017,0.6486,0.227,0.0,0.773,Japanese PM Shinzo Abe welcomed Pres. Trump with an effusive display of friendship that will give way to diplomacy:‚Ä¶ https://t.co/eanZmNsF7b
CBSNews,57,Sun Nov 05 17:15:02 +0000 2017,0.5719,0.163,0.0,0.837,"Shalane Flanagan wins the New York City Marathon, the first American woman to finish in first place since 1977‚Ä¶ https://t.co/Fn8PzUrdcf"
CBSNews,58,Sun Nov 05 17:00:46 +0000 2017,0.2732,0.11,0.0,0.89,"""It's going to create a whole new species of humans."" Meet a former NASA scientist turned biohacker. CBSN, Monday‚Ä¶ https://t.co/2TnVSiWLt7"
CBSNews,59,Sun Nov 05 16:40:01 +0000 2017,0.0,0.0,0.0,1.0,"Sen. Mark Warner on future of Senate Intel's Russia probe: ""I think there's going to be more stories to be written.‚Ä¶ https://t.co/ZbrO69hKuT"
CBSNews,60,Sun Nov 05 16:20:01 +0000 2017,0.0,0.0,0.0,1.0,"Ousted Catalan president Carles Puigdemont and 4 ex-regional ministers taken into custody, Brussels prosecutors say‚Ä¶ https://t.co/hSN1Re1PNa"
CBSNews,61,Sun Nov 05 16:00:57 +0000 2017,0.4019,0.184,0.0,0.816,"RT @FaceTheNation: Sen. @MarkWarner: ""I don't believe the Democratic Party is corrupt."" https://t.co/FRNJGm5Y5H"
CBSNews,62,Sun Nov 05 16:00:02 +0000 2017,-0.7351,0.104,0.33,0.565,"Militants set off car bomb outside security headquarters in Yemen, killing 5 soldiers before storming compound:‚Ä¶ https://t.co/BfZvZlnK6u"
CBSNews,63,Sun Nov 05 15:40:01 +0000 2017,0.0,0.0,0.0,1.0,The voice of the rock generation. @RollingStone magazine is marking its 50th anniversary with some big change‚Ä¶ https://t.co/ZLnTlseK0W
CBSNews,64,Sun Nov 05 15:20:02 +0000 2017,-0.4767,0.0,0.162,0.838,A billionaire prince with extensive holdings in Western companies is reportedly among dozens arrested in Saudi swee‚Ä¶ https://t.co/xs95n6xSIv
CBSNews,65,Sun Nov 05 15:00:02 +0000 2017,-0.6486,0.0,0.249,0.751,The New York City Marathon is underway just days after the deadly truck attack in lower Manhattan:‚Ä¶ https://t.co/KwY3BM7iEI
CBSNews,66,Sun Nov 05 14:40:02 +0000 2017,0.0,0.0,0.0,1.0,Pres. Trump says he expects to meet with Russian Pres. Putin during his first official visit to Asia:‚Ä¶ https://t.co/0rzxu1wKUT
CBSNews,67,Sun Nov 05 14:20:01 +0000 2017,0.0,0.0,0.0,1.0,"With a round of golf, a custom cap and a hamburger, Pres. Trump's first trip to Asia began with a taste of home:‚Ä¶ https://t.co/tddYhJ62rz"
CBSNews,68,Sun Nov 05 14:03:05 +0000 2017,0.765,0.32,0.0,0.68,"Trump says ""a lot of justice"" needs to be fixed, after ""laughing stock"" remarks https://t.co/mzvUiwY28h https://t.co/KxpmpQih0S"
CBSNews,69,Sun Nov 05 13:48:05 +0000 2017,-0.3818,0.0,0.245,0.755,Soldier shot after fight outside Colorado bar https://t.co/41CLQVfp88 https://t.co/ziZ2DYj0YK
CBSNews,70,Sun Nov 05 13:33:05 +0000 2017,-0.2263,0.0,0.147,0.853,How Oregon's second-largest city disappeared in less than an hour https://t.co/eTKMYnHDJo https://t.co/pdtJc6N8Pk
CBSNews,71,Sun Nov 05 13:18:05 +0000 2017,0.0,0.0,0.0,1.0,House GOP quietly revises tax bill to tax income at higher rates over time https://t.co/w7sJrz9uDA https://t.co/mQcs6vwGhU
CBSNews,72,Sun Nov 05 13:03:05 +0000 2017,0.0,0.0,0.0,1.0,"Former U.S. prosecutors: Despite White House statements, Russia probe is just beginning https://t.co/PI8K6RhFU8 https://t.co/IFTE7LdEEc"
CBSNews,73,Sun Nov 05 12:48:05 +0000 2017,0.0,0.0,0.0,1.0,"Six weeks after Hurricane Maria, Puerto Rico is still mostly without electricity https://t.co/U9ovHN5Vgz https://t.co/N69kUvMDdr"
CBSNews,74,Sun Nov 05 12:33:05 +0000 2017,-0.6705,0.0,0.44,0.56,Woman charged with stealing nuns' renowned cheesecakes https://t.co/QHIwWyUgXA https://t.co/eKgeEaEioS
CBSNews,75,Sun Nov 05 12:18:06 +0000 2017,-0.6808,0.0,0.237,0.763,Police in North Carolina have charged a man they say used his ice cream truck to lure and assault children‚Ä¶ https://t.co/nVWA2txLES
CBSNews,76,Sun Nov 05 12:03:05 +0000 2017,-0.296,0.0,0.18,0.82,GOP tax plan: 3 lessons for Trump in Reagan's cuts https://t.co/jlWD1OZvQW https://t.co/RSjVkX6IqC
CBSNews,77,Sun Nov 05 10:48:04 +0000 2017,0.6249,0.227,0.0,0.773,Scientists say they've found a mysterious chamber hidden deep inside Egypt's Great Pyramid of Giza‚Ä¶ https://t.co/P2cBlh4L1h
CBSNews,78,Sun Nov 05 10:33:05 +0000 2017,-0.34,0.0,0.194,0.806,"In Washington state, distracted driving gets a rebrand as DUI-E https://t.co/3CFo3TeV96 https://t.co/Q5mzHdpDsY"
CBSNews,79,Sun Nov 05 10:18:08 +0000 2017,-0.765,0.0,0.28,0.72,"Sen. Rand Paul suffered minor injuries when a man allegedly assaulted him at his home in Kentucky, authorities say‚Ä¶ https://t.co/KNQulJEG4e"
CBSNews,80,Sun Nov 05 10:03:05 +0000 2017,-0.0516,0.0,0.074,0.926,"For the first time, U.S. military conducts two airstrikes against ISIS fighters in Somalia https://t.co/jVeTrsSqgi https://t.co/F4MjUe86if"
CBSNews,81,Sun Nov 05 09:48:04 +0000 2017,0.5267,0.152,0.0,0.848,The Justice Department says the ACLU misled the U.S. over the timing of an undocumented teen's abortion in Texas‚Ä¶ https://t.co/uqKnNp6fvo
CBSNews,82,Sun Nov 05 09:33:04 +0000 2017,0.0,0.0,0.0,1.0,Men bombard Pennsylvania gynecologist for medical marijuana https://t.co/dJhhu2K0L3 https://t.co/FaMHiHASra
CBSNews,83,Sun Nov 05 09:18:06 +0000 2017,0.0,0.0,0.0,1.0,"Donia Jessop, an ex-member of the FLDS, is running for mayor of a Utah town once defined by polygamy‚Ä¶ https://t.co/8n9y2OT9r9"
CBSNews,84,Sun Nov 05 09:03:04 +0000 2017,-0.7717,0.05,0.286,0.664,Thousands of honey bees were killed when a semi truck crashed after avoiding a slow down on a freeway in California‚Ä¶ https://t.co/UagZaSzgxe
CBSNews,85,Sun Nov 05 08:48:06 +0000 2017,-0.3818,0.121,0.236,0.643,Fourth employee dies following attempted North Carolina prison escape https://t.co/SJEHNwLlnd https://t.co/uhfcwOhAxu
CBSNews,86,Sun Nov 05 08:33:12 +0000 2017,-0.3612,0.0,0.143,0.857,President Trump raises doubt about Secretary of State Tillerson's fate ahead of crucial Asia trip‚Ä¶ https://t.co/U7xN4c0Bse
CBSNews,87,Sun Nov 05 08:18:08 +0000 2017,0.0,0.0,0.0,1.0,"Ultra-high-end apartments in properties bearing Trump name underperform in NYC real estate market, study suggests‚Ä¶ https://t.co/wbKVxl1WCQ"
CBSNews,88,Sun Nov 05 08:03:04 +0000 2017,-0.8176,0.0,0.405,0.595,"Cops: 70-year-old man attacked wife with hatchet, killed self with chainsaw https://t.co/MRjUA3Ryn9 https://t.co/m7aITBvnA4"
CBSNews,89,Sun Nov 05 07:48:05 +0000 2017,0.0,0.0,0.0,1.0,Netflix says it will not move forward with Kevin Spacey projects https://t.co/3BvngVIu4Z https://t.co/2iCqTn70xH
CBSNews,90,Sun Nov 05 07:33:06 +0000 2017,-0.2732,0.0,0.087,0.913,BMW is recalling more than 1 million cars and SUVs in two U.S. recalls due to the risk of fires under the hood‚Ä¶ https://t.co/I0TB24VfPP
CBSNews,91,Sun Nov 05 07:18:05 +0000 2017,-0.3182,0.0,0.204,0.796,"Colorado Walmart shooting victims ID'd as grandparents, young dad https://t.co/Y4Ry2DRlz1"
CBSNews,92,Sun Nov 05 07:03:06 +0000 2017,0.7184,0.353,0.0,0.647,Iowa football's heartwarming tradition is a bright spot for children's hospital patients https://t.co/8eZPEVeONd https://t.co/4WgkLQRa4x
CBSNews,93,Sun Nov 05 06:48:05 +0000 2017,-0.2648,0.093,0.154,0.753,"New climate change report says humans are ""extremely likely"" to blame for warming https://t.co/MyqbldnfVj https://t.co/f0gJMZvLWM"
CBSNews,94,Sun Nov 05 06:33:05 +0000 2017,0.5106,0.18,0.0,0.82,"Former NFL player Ryan O'Callaghan to his younger self: ""You will soon feel free"" https://t.co/22AiNOB9yx https://t.co/HAiNdWNIyJ"
CBSNews,95,Sun Nov 05 06:18:05 +0000 2017,-0.3612,0.0,0.161,0.839,"Former Hillary Clinton campaign aide says rigged election claim is ""overstating"" things https://t.co/pm1FHKKpxN https://t.co/ZFgUIYm6tv"
CBSNews,96,Sun Nov 05 06:03:05 +0000 2017,0.4019,0.144,0.0,0.856,"""It's every man for himself,"" says source who is being examined by special counsel's office https://t.co/tqXf39IlWR https://t.co/4UDhfzlAYc"
CBSNews,97,Sun Nov 05 05:48:04 +0000 2017,-0.6124,0.0,0.333,0.667,Lebanese prime minister Saad Hariri resigns amid tensions with Hezbollah https://t.co/ypIVGU1BaS https://t.co/GZcuiRuROO
CBSNews,98,Sun Nov 05 05:33:04 +0000 2017,-0.6908,0.0,0.227,0.773,"""I was so afraid of him:"" Actress' rape claims against Harvey Weinstein investigated by NYPD https://t.co/PyxKT8fGRm https://t.co/Zi4T7Pbd2k"
CBSNews,99,Sun Nov 05 05:18:07 +0000 2017,0.6808,0.272,0.0,0.728,Special counsel Robert Mueller's team has scheduled an interview with White House communications director Hope Hick‚Ä¶ https://t.co/lpSDBxVVrP
CBSNews,100,Sun Nov 05 05:03:06 +0000 2017,0.0,0.0,0.0,1.0,Puerto Rican evacuees fill Florida classroom -- and are taught by a fellow evacuee https://t.co/RnNHg5qgaw https://t.co/GjzYQQINLe
CNN,1,Sun Nov 05 23:24:11 +0000 2017,-0.6597,0.0,0.216,0.784,"A biologic mechanism in yeast cells may explain the relationship between sugar and cancer, a new study suggests‚Ä¶ https://t.co/5OfEWlBEaw"
CNN,2,Sun Nov 05 23:09:05 +0000 2017,-0.8225,0.0,0.487,0.513,"ISIS claims responsibility for suicide attack in Yemen
https://t.co/wyBiKxFESm https://t.co/qYuUnxvQCh"
CNN,3,Sun Nov 05 22:54:06 +0000 2017,-0.6705,0.0,0.36,0.64,"Suicide bombers target mosque in Kirkuk, Iraq https://t.co/76y0E66C1J https://t.co/9EEzdWbYus"
CNN,4,Sun Nov 05 22:50:06 +0000 2017,-0.6705,0.0,0.191,0.809,The wife of First Baptist Church Pastor Frank Pomeroy says their teen daughter was killed in Texas church shooting‚Ä¶ https://t.co/wLEuUNeEM2
CNN,5,Sun Nov 05 22:42:07 +0000 2017,-0.4215,0.0,0.237,0.763,British minister Damian Green denies computer pornography allegations https://t.co/cYV8znt9SG https://t.co/Iet4mk5JUE
CNN,6,Sun Nov 05 22:37:37 +0000 2017,-0.4767,0.0,0.147,0.853,"Paul Manafort has 3 US passports and traveled to Mexico, China and Ecuador with a phone registered under a fake name https://t.co/rtthkDJ6Bk"
CNN,7,Sun Nov 05 22:26:57 +0000 2017,-0.7783,0.0,0.312,0.688,"A gunman opened fire at First Baptist Church in Sutherland Springs, Texas, killing at least 20 people‚Ä¶ https://t.co/Oox2vRZQfI"
CNN,8,Sun Nov 05 22:15:29 +0000 2017,0.25,0.18,0.122,0.698,"President Trump's approval rating hits historic low, according to Washington Post-ABC poll https://t.co/6qkh8fqW20 https://t.co/jZlFVAHSYX"
CNN,9,Sun Nov 05 22:01:52 +0000 2017,0.0,0.0,0.0,1.0,Reporter Ronan Farrow talks about the 'Weinstein effect' with @brianstelter on @ReliableSources‚Ä¶ https://t.co/t6awLTF2mY
CNN,10,Sun Nov 05 21:49:13 +0000 2017,-0.4767,0.0,0.193,0.807,"A Utah nurse who was arrested for protecting her patient gets a $500,000 settlement https://t.co/4tsJk1FxiZ https://t.co/aGnzFMdqj3"
CNN,11,Sun Nov 05 21:26:31 +0000 2017,-0.6705,0.0,0.2,0.8,"At least 20 people killed in a church shooting in Sutherland Springs, Texas, according to the Wilson County sheriff‚Ä¶ https://t.co/tEnLYavRA5"
CNN,12,Sun Nov 05 21:09:59 +0000 2017,0.0,0.0,0.0,1.0,"University Hospital in San Antonio is treating 8 patients from the Sutherland Springs church shooting, says hospita‚Ä¶ https://t.co/4LG8ZXgbhx"
CNN,13,Sun Nov 05 20:39:23 +0000 2017,0.0,0.0,0.0,1.0,Texas Gov. Greg Abbot releases a statement on the shooting at First Baptist Church in Sutherland Springs‚Ä¶ https://t.co/TiwNGu2Pht
CNN,14,Sun Nov 05 20:32:26 +0000 2017,-0.3818,0.0,0.157,0.843,"Sutherland Springs business owner on church shooting: ""It's just awful...there were emergency responders everywhere"" https://t.co/TYcC5jCX9m"
CNN,15,Sun Nov 05 20:31:34 +0000 2017,-0.8225,0.0,0.487,0.513,ISIS claims responsibility for a suicide attack in Yemen https://t.co/9ScXiQp7Sl https://t.co/cmAG9lNdTJ
CNN,16,Sun Nov 05 20:28:24 +0000 2017,-0.3818,0.0,0.167,0.833,"Sutherland Springs resident on church shooting: ""It's just awful...there were emergency responders everywhere"" https://t.co/TYcC5jCX9m"
CNN,17,Sun Nov 05 20:15:57 +0000 2017,-0.1655,0.0,0.093,0.907,"Law enforcement have reported multiple victims at a Texas church, but have not said how many https://t.co/PGxqFieLyc https://t.co/pLNO4vE3sT"
CNN,18,Sun Nov 05 20:13:59 +0000 2017,0.4019,0.172,0.0,0.828,"President Trump tweets support for people of Sutherland Springs, Texas, after church shooting‚Ä¶ https://t.co/muJFcRBDWB"
CNN,19,Sun Nov 05 20:10:10 +0000 2017,-0.7579,0.0,0.302,0.698,"One suspect dead after reported shooting in Sutherland Springs, Texas, says Guadalupe Co. Sheriff's Office official‚Ä¶ https://t.co/s8KvNZh8t6"
CNN,20,Sun Nov 05 20:03:04 +0000 2017,-0.5106,0.112,0.26,0.628,"Local gas station owner tells @KayleeHartung that shots fired at Texas church ""sounded like a semiautomatic weapon"" https://t.co/D0EChgJtJm"
CNN,21,Sun Nov 05 23:24:11 +0000 2017,-0.6597,0.0,0.216,0.784,"A biologic mechanism in yeast cells may explain the relationship between sugar and cancer, a new study suggests‚Ä¶ https://t.co/5OfEWlBEaw"
CNN,22,Sun Nov 05 23:09:05 +0000 2017,-0.8225,0.0,0.487,0.513,"ISIS claims responsibility for suicide attack in Yemen
https://t.co/wyBiKxFESm https://t.co/qYuUnxvQCh"
CNN,23,Sun Nov 05 22:54:06 +0000 2017,-0.6705,0.0,0.36,0.64,"Suicide bombers target mosque in Kirkuk, Iraq https://t.co/76y0E66C1J https://t.co/9EEzdWbYus"
CNN,24,Sun Nov 05 22:50:06 +0000 2017,-0.6705,0.0,0.191,0.809,The wife of First Baptist Church Pastor Frank Pomeroy says their teen daughter was killed in Texas church shooting‚Ä¶ https://t.co/wLEuUNeEM2
CNN,25,Sun Nov 05 22:42:07 +0000 2017,-0.4215,0.0,0.237,0.763,British minister Damian Green denies computer pornography allegations https://t.co/cYV8znt9SG https://t.co/Iet4mk5JUE
CNN,26,Sun Nov 05 22:37:37 +0000 2017,-0.4767,0.0,0.147,0.853,"Paul Manafort has 3 US passports and traveled to Mexico, China and Ecuador with a phone registered under a fake name https://t.co/rtthkDJ6Bk"
CNN,27,Sun Nov 05 22:26:57 +0000 2017,-0.7783,0.0,0.312,0.688,"A gunman opened fire at First Baptist Church in Sutherland Springs, Texas, killing at least 20 people‚Ä¶ https://t.co/Oox2vRZQfI"
CNN,28,Sun Nov 05 22:15:29 +0000 2017,0.25,0.18,0.122,0.698,"President Trump's approval rating hits historic low, according to Washington Post-ABC poll https://t.co/6qkh8fqW20 https://t.co/jZlFVAHSYX"
CNN,29,Sun Nov 05 22:01:52 +0000 2017,0.0,0.0,0.0,1.0,Reporter Ronan Farrow talks about the 'Weinstein effect' with @brianstelter on @ReliableSources‚Ä¶ https://t.co/t6awLTF2mY
CNN,30,Sun Nov 05 21:49:13 +0000 2017,-0.4767,0.0,0.193,0.807,"A Utah nurse who was arrested for protecting her patient gets a $500,000 settlement https://t.co/4tsJk1FxiZ https://t.co/aGnzFMdqj3"
CNN,31,Sun Nov 05 21:26:31 +0000 2017,-0.6705,0.0,0.2,0.8,"At least 20 people killed in a church shooting in Sutherland Springs, Texas, according to the Wilson County sheriff‚Ä¶ https://t.co/tEnLYavRA5"
CNN,32,Sun Nov 05 21:09:59 +0000 2017,0.0,0.0,0.0,1.0,"University Hospital in San Antonio is treating 8 patients from the Sutherland Springs church shooting, says hospita‚Ä¶ https://t.co/4LG8ZXgbhx"
CNN,33,Sun Nov 05 20:39:23 +0000 2017,0.0,0.0,0.0,1.0,Texas Gov. Greg Abbot releases a statement on the shooting at First Baptist Church in Sutherland Springs‚Ä¶ https://t.co/TiwNGu2Pht
CNN,34,Sun Nov 05 20:32:26 +0000 2017,-0.3818,0.0,0.157,0.843,"Sutherland Springs business owner on church shooting: ""It's just awful...there were emergency responders everywhere"" https://t.co/TYcC5jCX9m"
CNN,35,Sun Nov 05 20:31:34 +0000 2017,-0.8225,0.0,0.487,0.513,ISIS claims responsibility for a suicide attack in Yemen https://t.co/9ScXiQp7Sl https://t.co/cmAG9lNdTJ
CNN,36,Sun Nov 05 20:28:24 +0000 2017,-0.3818,0.0,0.167,0.833,"Sutherland Springs resident on church shooting: ""It's just awful...there were emergency responders everywhere"" https://t.co/TYcC5jCX9m"
CNN,37,Sun Nov 05 20:15:57 +0000 2017,-0.1655,0.0,0.093,0.907,"Law enforcement have reported multiple victims at a Texas church, but have not said how many https://t.co/PGxqFieLyc https://t.co/pLNO4vE3sT"
CNN,38,Sun Nov 05 20:13:59 +0000 2017,0.4019,0.172,0.0,0.828,"President Trump tweets support for people of Sutherland Springs, Texas, after church shooting‚Ä¶ https://t.co/muJFcRBDWB"
CNN,39,Sun Nov 05 20:10:10 +0000 2017,-0.7579,0.0,0.302,0.698,"One suspect dead after reported shooting in Sutherland Springs, Texas, says Guadalupe Co. Sheriff's Office official‚Ä¶ https://t.co/s8KvNZh8t6"
CNN,40,Sun Nov 05 20:03:04 +0000 2017,-0.5106,0.112,0.26,0.628,"Local gas station owner tells @KayleeHartung that shots fired at Texas church ""sounded like a semiautomatic weapon"" https://t.co/D0EChgJtJm"
CNN,41,Sun Nov 05 20:02:45 +0000 2017,0.0,0.0,0.0,1.0,Catalan ex-President turns himself in to Belgian authorities https://t.co/vGBLL2A481 https://t.co/ghTN0dIGJw
CNN,42,Sun Nov 05 19:58:37 +0000 2017,0.0,0.0,0.0,1.0,"House Minority Leader Nancy Pelosi: Must ""exhaust"" diplomatic options on North Korea
https://t.co/LNsBvUknTQ https://t.co/gKzSAd35cb"
CNN,43,Sun Nov 05 19:51:13 +0000 2017,0.0,0.0,0.0,1.0,"We're live in Sutherland Springs, Texas, over the scene of a reported shooting https://t.co/49AyTQsslP‚Ä¶ https://t.co/w8qiqXkRUA"
CNN,44,Sun Nov 05 19:50:56 +0000 2017,0.0,0.0,0.0,1.0,Trump and Putin are set to meet and discuss North Korea https://t.co/h72BD4cUjd https://t.co/7yqxZK8vit
CNN,45,Sun Nov 05 19:43:18 +0000 2017,-0.5574,0.0,0.167,0.833,A witness at a gas station across from a Texas church said she heard 20 shots fired while a service was underway‚Ä¶ https://t.co/vGZKfABodU
CNN,46,Sun Nov 05 19:43:12 +0000 2017,0.6124,0.375,0.0,0.625,"""Thor: Ragnarok"" is the 17th straight number one opening for Marvel https://t.co/IZ3SPgUSnW https://t.co/XpkmIiQRXW"
CNN,47,Sun Nov 05 19:39:11 +0000 2017,-0.6486,0.0,0.249,0.751,"County Sheriff says Sutherland Springs church gunman is dead, reports CNN's @kayleehartung https://t.co/ekxguNHIsH https://t.co/ZtfHBLc4PQ"
CNN,48,Sun Nov 05 19:38:18 +0000 2017,0.0,0.0,0.0,1.0,"BREAKING: The FBI is responding to the scene of a shooting outside San Antonio, Texas
https://t.co/ekxguNHIsH https://t.co/vRV1GzHgVx"
CNN,49,Sun Nov 05 19:35:39 +0000 2017,0.0,0.0,0.0,1.0,"Gonorrhea rates in Australia are up 63% in 5 years, data shows https://t.co/dsVnWfRKFk https://t.co/UtRgz5r04t"
CNN,50,Sun Nov 05 19:23:58 +0000 2017,-0.4767,0.0,0.256,0.744,Billionaire Prince Alwaleed arrested in Saudi anti-corruption drive https://t.co/U6aJ7NPR7O https://t.co/pimIM00oeh
CNN,51,Sun Nov 05 19:12:21 +0000 2017,0.8225,0.352,0.0,0.648,"Shalane Flanagan wins NYC Marathon, becoming the first U.S. Women's champion in 40 years https://t.co/UivrO1JMUB https://t.co/i8yuNM6oY1"
CNN,52,Sun Nov 05 19:10:52 +0000 2017,-0.5574,0.0,0.184,0.816,"JUST IN: Witness says as many as 20 shots fired at a church in Sutherland Springs, Texas https://t.co/ZC919cZoUC"
CNN,53,Sun Nov 05 18:37:23 +0000 2017,-0.8402,0.0,0.333,0.667,"Sen. Dianne Feinstein urges diplomacy with North Korea: ""The worst alternative is a war which could become nuclear"" https://t.co/9YPIXKioLn"
CNN,54,Sun Nov 05 17:34:08 +0000 2017,-0.0834,0.164,0.184,0.652,"NYC marathon runners stay the course, despite last week's terror attack https://t.co/ORk5ykaZuV https://t.co/X6oYrUqJuX"
CNN,55,Sun Nov 05 17:18:48 +0000 2017,0.25,0.1,0.0,0.9,A University of Miami art professor created Ku Klux Klan-style hoods out of American flags for a faculty art exhibi‚Ä¶ https://t.co/jk5cNiIFSu
CNN,56,Sun Nov 05 17:12:51 +0000 2017,0.0,0.0,0.0,1.0,"Double beds, swivel chairs. Here's a look at Singapore Airlines' new luxury suites https://t.co/JIvOIYU7zW https://t.co/MaRqdXRkEd"
CNN,57,Sun Nov 05 17:07:23 +0000 2017,-0.507,0.0,0.23,0.77,The most spectacular abandoned castles around the world https://t.co/DC14SubQJa via @cnntravel https://t.co/ExuBF2XKe8
CNN,58,Sun Nov 05 17:02:28 +0000 2017,0.0,0.0,0.0,1.0,"H.W. Bush on Trump: ‚ÄúHe‚Äôs a blowhard‚Äù

George W. Bush on Trump ‚ÄúThis guy doesn‚Äôt know what it means to be president‚Ä¶ https://t.co/yp212uRBxT"
CNN,59,Sun Nov 05 16:53:31 +0000 2017,0.6115,0.182,0.0,0.818,"AirlineRatings names ""most excellent"" airlines for 2018. For the 5th consecutive year, this carrier came out on top‚Ä¶ https://t.co/coKs8J7Ciq"
CNN,60,Sun Nov 05 16:50:57 +0000 2017,0.0,0.0,0.0,1.0,"""Women are coming forward...telling the hardest stories of a lifetime,"" says @RonanFarrow, who wrote Weinstein story https://t.co/V6VhiZMg0R"
CNN,61,Sun Nov 05 16:30:56 +0000 2017,0.0,0.0,0.0,1.0,".@brianstelter to Kellyanne Conway: ""Viewers see your pivoting...when I say Russia, you say Clinton"" https://t.co/lc5IdbzAP9"
CNN,62,Sun Nov 05 16:28:45 +0000 2017,0.0,0.0,0.0,1.0,".@brianstelter to Kellyanne Conway: ""We're not anti-Trump, Kellyanne. We're pro-truth."" https://t.co/V6VhiZMg0R"
CNN,63,Sun Nov 05 15:56:54 +0000 2017,0.34,0.146,0.0,0.854,Alec Baldwin's President Trump shared a shower with Paul Manafort on @nbcsnl last night https://t.co/uHcj6PRTqU https://t.co/TXxi7U9br2
CNN,64,Sun Nov 05 15:44:19 +0000 2017,0.6369,0.208,0.0,0.792,What are your thoughts on polygamy? @lisaling meets open-minded couples looking for modern love on @CNNOriginals'‚Ä¶ https://t.co/ovsONmqTzY
CNN,65,Sun Nov 05 15:43:25 +0000 2017,-0.3182,0.095,0.164,0.741,Saudi Arabia's newly formed anti-corruption committee has arrested at least 17 princes and top officials‚Ä¶ https://t.co/OiiGRRGEY4
CNN,66,Sun Nov 05 15:41:28 +0000 2017,-0.4588,0.044,0.123,0.833,"RT @CNNPolitics: Pelosi expresses disdain at the timetable for the GOP tax plan: ""They're trying to move this in a matter of days"" https://‚Ä¶"
CNN,67,Sun Nov 05 15:09:32 +0000 2017,-0.8714,0.0,0.456,0.544,".@FareedZakaria: NY attack ""an isolated incident by one troubled man that shouldn't lead to grand generalizations"" https://t.co/4IR6y7eVL9"
CNN,68,Sun Nov 05 14:50:00 +0000 2017,-0.8402,0.0,0.333,0.667,"Sen. Dianne Feinstein urges diplomacy with North Korea: ""The worst alternative is a war which could become nuclear"" https://t.co/SehU6c2UZq"
CNN,69,Sun Nov 05 14:34:48 +0000 2017,0.0,0.0,0.0,1.0,"Feinstein on Sessions: ""When he comes before the committee again, he has to be precise and it has to be accurate"" https://t.co/kFiWDRA83w"
CNN,70,Sun Nov 05 14:34:01 +0000 2017,0.5256,0.261,0.133,0.606,"Rep. Pelosi on tackling alleged sexual harassment in Congress: I'm ""hopeful that we can do something very strong"" https://t.co/p01ORHA3sY"
CNN,71,Sun Nov 05 14:32:17 +0000 2017,0.0,0.0,0.0,1.0,"Sen. Feinstein on AG Sessions' testimony about Russia: ""I think he should come back and clarify it"" #CNNSOTU https://t.co/gPiao3H9P1"
CNN,72,Sun Nov 05 14:23:55 +0000 2017,0.0,0.0,0.0,1.0,"Rep. Nancy Pelosi: Impeaching President Trump ""is not someplace that I think we should go"" #CNNSOTU https://t.co/3z5LYxTN5S"
CNN,73,Sun Nov 05 14:20:01 +0000 2017,0.4404,0.132,0.0,0.868,"Pelosi on Brazile's allegations about Clinton and the DNC: ""I would hope that there's another side to the story"" https://t.co/QXp6xVCo9R"
CNN,74,Sun Nov 05 14:18:17 +0000 2017,0.4927,0.151,0.0,0.849,"House Minority Leader Nancy Pelosi on the GOP tax plan: ""This is really a gift to corporate America"" #CNNSOTU https://t.co/MNygm9qM0v"
CNN,75,Sun Nov 05 14:13:02 +0000 2017,0.0,0.0,0.0,1.0,House Minority Leader Nancy Pelosi: Revision of the tax code should be done in a bipartisan way #CNNSOTU https://t.co/vw8PFnGTme
CNN,76,Sun Nov 05 14:09:18 +0000 2017,0.4404,0.146,0.0,0.854,"House Minority Leader Pelosi: ""I hope the President goes into the meeting (with Putin) really informed"" https://t.co/JNBqP07Pd0 #CNNSOTU"
CNN,77,Sun Nov 05 14:06:33 +0000 2017,-0.4939,0.0,0.132,0.868,"Rep. Nancy Pelosi on North Korea: ""We're poking a stick in the eye of a mad dog with some of what we're saying"" https://t.co/hgvJ4yyxVL"
CNN,78,Sun Nov 05 14:01:04 +0000 2017,0.0,0.0,0.0,1.0,The company that owns Corona is getting into the pot business https://t.co/HHg98jBXK7 https://t.co/eHvBjnDBic
CNN,79,Sun Nov 05 13:57:17 +0000 2017,0.0,0.0,0.0,1.0,"Japanese Prime Minister Shinzo Abe gave President Trump a customized hat that read, ""Make alliance even greater.""‚Ä¶ https://t.co/P73f5BrTjj"
CNN,80,Sun Nov 05 13:46:44 +0000 2017,0.0,0.0,0.0,1.0,"President Trump is in Japan, where he and Prime Minister Shinzo Abe are expected to talk about North Korea‚Ä¶ https://t.co/LpmBAJUCuD"
CNN,81,Sun Nov 05 13:31:03 +0000 2017,0.6115,0.182,0.0,0.818,"AirlineRatings names ""most excellent"" airlines for 2018. For the 5th consecutive year, this carrier came out on top‚Ä¶ https://t.co/dJ16PRMPly"
CNN,82,Sun Nov 05 13:01:07 +0000 2017,0.0,0.0,0.0,1.0,"Long-term spaceflight ""squeezes"" the brain, study says https://t.co/c3D86kU0sa https://t.co/osRjvGip4G"
CNN,83,Sun Nov 05 12:31:04 +0000 2017,-0.6597,0.0,0.253,0.747,The FDA is cracking down on claims that cannabis can cure cancer https://t.co/q1DeAGuPed https://t.co/UGTB8PNn6E
CNN,84,Sun Nov 05 12:01:05 +0000 2017,-0.5423,0.0,0.189,0.811,"Back in 1991, Anita Hill forever changed the way we talk about sexual harassment https://t.co/til31lOEld https://t.co/yD4UsGNqA2"
CNN,85,Sun Nov 05 11:31:06 +0000 2017,0.0,0.0,0.0,1.0,"China will surpass the US as the world's largest air travel market in the next 5 years, according to IATA forecast‚Ä¶ https://t.co/2Z3lWPEYcU"
CNN,86,Sun Nov 05 11:01:05 +0000 2017,0.0,0.0,0.0,1.0,Court filings show Paul Manafort has three US passports. How many can you really own? Here's a closer look.‚Ä¶ https://t.co/J8ZLwPWG4b
CNN,87,Sun Nov 05 10:31:01 +0000 2017,0.0258,0.064,0.0,0.936,"Taxes on cannabis could reach as high as 45% in parts of California, according to a report https://t.co/I7YHhQVyQB"
CNN,88,Sun Nov 05 10:01:04 +0000 2017,0.0,0.0,0.0,1.0,5 changes to Obamacare open enrollment for 2018 https://t.co/4YYAEeV7AY https://t.co/5EZ40NagUq
CNN,89,Sun Nov 05 09:31:05 +0000 2017,-0.743,0.082,0.272,0.645,"Syria was responsible for the sarin gas attack that killed more than 80 people earlier this year, a UN report finds‚Ä¶ https://t.co/iNixmHKv3w"
CNN,90,Sun Nov 05 09:01:04 +0000 2017,0.0,0.0,0.0,1.0,"Tropical storms and swelling sea levels could flood NYC every five years between 2030 and 2045, a new study says‚Ä¶ https://t.co/VgifeWmK27"
CNN,91,Sun Nov 05 08:31:09 +0000 2017,-0.2263,0.0,0.192,0.808,The forgotten mothers and babies of Zika https://t.co/eMAtQMP2ch https://t.co/VvL589j04L
CNN,92,Sun Nov 05 08:01:04 +0000 2017,-0.8885,0.0,0.356,0.644,"Death rates for heart disease, cancer and HIV are down in the US, but overdose death rate has risen, CDC says‚Ä¶ https://t.co/theP2foXK8"
CNN,93,Sun Nov 05 07:31:06 +0000 2017,0.2732,0.174,0.0,0.826,Three surprising ways the Protestant Reformation shaped our world https://t.co/E1PkTWViEZ https://t.co/UqKvO48djs
CNN,94,Sun Nov 05 07:01:05 +0000 2017,0.0,0.0,0.0,1.0,Who's who in the Trump-Russia saga https://t.co/dgSZLFL6VV https://t.co/28OKDbT1Zz
CNN,95,Sun Nov 05 06:31:09 +0000 2017,-0.507,0.0,0.23,0.77,The most spectacular abandoned castles around the world https://t.co/OxU6bpIrYP via @cnntravel https://t.co/jcPzlKPu9e
CNN,96,Sun Nov 05 06:01:05 +0000 2017,0.2732,0.158,0.103,0.739,This Houston officer helped save hundreds of lives during Hurricane Harvey ‚Äî while battling stage 4 colon cancer‚Ä¶ https://t.co/jyuqfEouat
CNN,97,Sun Nov 05 04:31:03 +0000 2017,-0.8442,0.0,0.323,0.677,A new report concludes that an environmentalist's murder was part of a criminal plot that was months in the making https://t.co/1Tzc6wuXwz
CNN,98,Sun Nov 05 04:01:07 +0000 2017,-0.128,0.121,0.14,0.739,"Two Georgia teens, friends from childhood, died from lethal doses of fentanyl on the same day and half a mile apart‚Ä¶ https://t.co/zbMZTOOZwP"
CNN,99,Sun Nov 05 03:31:06 +0000 2017,0.0,0.0,0.0,1.0,A soldier deployed before he could finish painting his house. So these students jumped in to finish the job.‚Ä¶ https://t.co/ezsh2PSzYz
CNN,100,Sun Nov 05 03:01:09 +0000 2017,0.0,0.0,0.0,1.0,A new study links pesticide residues in fruits and vegetables with women's fertility issues https://t.co/watgjAiuLD https://t.co/2KTTgXZYjT
FoxNews,1,Sun Nov 05 23:32:18 +0000 2017,0.0,0.0,0.0,1.0,Right Now: Awaiting news conference on #SutherlandSpringsShooting - For full coverage tune in to Fox News Channel.‚Ä¶ https://t.co/WTcqwbESd2
FoxNews,2,Sun Nov 05 23:31:31 +0000 2017,-0.296,0.0,0.136,0.864,".@BretBaier: Authorities: Gunman is Devin Patrick Kelley, 26, white male, no motive yet. #SutherlandSprings‚Ä¶ https://t.co/dDeYCF1MBc"
FoxNews,3,Sun Nov 05 23:28:22 +0000 2017,0.0,0.0,0.0,1.0,"Gunman ID'd as Devin Patrick Kelley, 26, male from community just outside San Antonio. #SutherlandSprings‚Ä¶ https://t.co/FcH6G33Mj5"
FoxNews,4,Sun Nov 05 23:27:22 +0000 2017,-0.6597,0.0,0.206,0.794,.@DanPatrick's message in the wake of the horrific mass shooting at First Baptist Church in Sutherland Springs.‚Ä¶ https://t.co/xtrrG7Y1rI
FoxNews,5,Sun Nov 05 23:26:36 +0000 2017,0.0,0.0,0.0,1.0,.@SenateMajLdr responds to Sutherland Springs church shooting. https://t.co/8NQi3CZUUi https://t.co/oUbFAYKIoq
FoxNews,6,Sun Nov 05 23:26:07 +0000 2017,0.0,0.0,0.0,1.0,Right Now: Awaiting news conference on #SutherlandSpringsShooting - For full coverage tune in to Fox News Channel.‚Ä¶ https://t.co/fP3WrbXgS0
FoxNews,7,Sun Nov 05 23:22:45 +0000 2017,0.0,0.0,0.0,1.0,BREAKING NEWS: Gunman in Texas church massacre identified to The Associated Press as Devin Kelley. https://t.co/YAre0fZfhd
FoxNews,8,Sun Nov 05 23:19:49 +0000 2017,-0.3182,0.0,0.204,0.796,"Texas church shooting: What we know about the victims

https://t.co/fXVxyLiECr"
FoxNews,9,Sun Nov 05 23:18:16 +0000 2017,0.0,0.0,0.0,1.0,"Texas Attorney General: Church Shooting Is 'Going to Happen Again'
https://t.co/KDJppJKscg"
FoxNews,10,Sun Nov 05 23:16:27 +0000 2017,0.0,0.0,0.0,1.0,.@IvankaTrump responds to Sutherland Springs shooting. https://t.co/8NQi3CZUUi https://t.co/Hh4zUV0cK1
FoxNews,11,Sun Nov 05 23:15:02 +0000 2017,-0.4019,0.0,0.252,0.748,Chelsea Handler Blames Republicans for Texas Massacre https://t.co/igmwGSzbnX https://t.co/zy3qLs3Qgp
FoxNews,12,Sun Nov 05 23:11:19 +0000 2017,0.0,0.0,0.0,1.0,.@SenFeinstein responds to Sutherland Springs church shooting. https://t.co/8NQi3CZUUi https://t.co/HGrHU63VPU
FoxNews,13,Sun Nov 05 23:10:01 +0000 2017,-0.6705,0.0,0.31,0.69,Up to 27 killed in mass shooting at Texas church   https://t.co/EmySBP97Nu
FoxNews,14,Sun Nov 05 23:07:00 +0000 2017,0.0,0.0,0.0,1.0,.@tedcruz responds to Sutherland Springs shooting. https://t.co/8NQi3CZUUi https://t.co/DCifp0sxXP
FoxNews,15,Sun Nov 05 23:06:23 +0000 2017,0.0,0.0,0.0,1.0,.@FLOTUS responds to Sutherland Springs shooting. https://t.co/8NQi3CZUUi https://t.co/zcc4CR534G
FoxNews,16,Sun Nov 05 23:06:04 +0000 2017,0.0,0.0,0.0,1.0,.@JohnCornyn responds to Sutherland Springs shooting. https://t.co/8NQi3CZUUi https://t.co/x6CQpBxHL2
FoxNews,17,Sun Nov 05 23:01:24 +0000 2017,-0.4019,0.0,0.278,0.722,"Chelsea Handler Blames Republicans for Texas Massacre
https://t.co/igmwGSQMMx"
FoxNews,18,Sun Nov 05 22:58:42 +0000 2017,-0.3612,0.178,0.27,0.552,"Texas Shooting Witness: We Have to Overcome Evil With Good

https://t.co/aqM4cheMPk"
FoxNews,19,Sun Nov 05 22:54:04 +0000 2017,-0.6597,0.0,0.206,0.794,.@DanPatrick's message in the wake of the horrific mass shooting at First Baptist Church in Sutherland Springs.‚Ä¶ https://t.co/RkjnhftROL
FoxNews,20,Sun Nov 05 22:53:37 +0000 2017,0.0,0.0,0.0,1.0,.@JustinTrudeau responds to Sutherland Springs church shooting. https://t.co/8NQi3CZUUi https://t.co/Qt9ig7PRrN
FoxNews,21,Sun Nov 05 23:32:18 +0000 2017,0.0,0.0,0.0,1.0,Right Now: Awaiting news conference on #SutherlandSpringsShooting - For full coverage tune in to Fox News Channel.‚Ä¶ https://t.co/WTcqwbESd2
FoxNews,22,Sun Nov 05 23:31:31 +0000 2017,-0.296,0.0,0.136,0.864,".@BretBaier: Authorities: Gunman is Devin Patrick Kelley, 26, white male, no motive yet. #SutherlandSprings‚Ä¶ https://t.co/dDeYCF1MBc"
FoxNews,23,Sun Nov 05 23:28:22 +0000 2017,0.0,0.0,0.0,1.0,"Gunman ID'd as Devin Patrick Kelley, 26, male from community just outside San Antonio. #SutherlandSprings‚Ä¶ https://t.co/FcH6G33Mj5"
FoxNews,24,Sun Nov 05 23:27:22 +0000 2017,-0.6597,0.0,0.206,0.794,.@DanPatrick's message in the wake of the horrific mass shooting at First Baptist Church in Sutherland Springs.‚Ä¶ https://t.co/xtrrG7Y1rI
FoxNews,25,Sun Nov 05 23:26:36 +0000 2017,0.0,0.0,0.0,1.0,.@SenateMajLdr responds to Sutherland Springs church shooting. https://t.co/8NQi3CZUUi https://t.co/oUbFAYKIoq
FoxNews,26,Sun Nov 05 23:26:07 +0000 2017,0.0,0.0,0.0,1.0,Right Now: Awaiting news conference on #SutherlandSpringsShooting - For full coverage tune in to Fox News Channel.‚Ä¶ https://t.co/fP3WrbXgS0
FoxNews,27,Sun Nov 05 23:22:45 +0000 2017,0.0,0.0,0.0,1.0,BREAKING NEWS: Gunman in Texas church massacre identified to The Associated Press as Devin Kelley. https://t.co/YAre0fZfhd
FoxNews,28,Sun Nov 05 23:19:49 +0000 2017,-0.3182,0.0,0.204,0.796,"Texas church shooting: What we know about the victims

https://t.co/fXVxyLiECr"
FoxNews,29,Sun Nov 05 23:18:16 +0000 2017,0.0,0.0,0.0,1.0,"Texas Attorney General: Church Shooting Is 'Going to Happen Again'
https://t.co/KDJppJKscg"
FoxNews,30,Sun Nov 05 23:16:27 +0000 2017,0.0,0.0,0.0,1.0,.@IvankaTrump responds to Sutherland Springs shooting. https://t.co/8NQi3CZUUi https://t.co/Hh4zUV0cK1
FoxNews,31,Sun Nov 05 23:15:02 +0000 2017,-0.4019,0.0,0.252,0.748,Chelsea Handler Blames Republicans for Texas Massacre https://t.co/igmwGSzbnX https://t.co/zy3qLs3Qgp
FoxNews,32,Sun Nov 05 23:11:19 +0000 2017,0.0,0.0,0.0,1.0,.@SenFeinstein responds to Sutherland Springs church shooting. https://t.co/8NQi3CZUUi https://t.co/HGrHU63VPU
FoxNews,33,Sun Nov 05 23:10:01 +0000 2017,-0.6705,0.0,0.31,0.69,Up to 27 killed in mass shooting at Texas church   https://t.co/EmySBP97Nu
FoxNews,34,Sun Nov 05 23:07:00 +0000 2017,0.0,0.0,0.0,1.0,.@tedcruz responds to Sutherland Springs shooting. https://t.co/8NQi3CZUUi https://t.co/DCifp0sxXP
FoxNews,35,Sun Nov 05 23:06:23 +0000 2017,0.0,0.0,0.0,1.0,.@FLOTUS responds to Sutherland Springs shooting. https://t.co/8NQi3CZUUi https://t.co/zcc4CR534G
FoxNews,36,Sun Nov 05 23:06:04 +0000 2017,0.0,0.0,0.0,1.0,.@JohnCornyn responds to Sutherland Springs shooting. https://t.co/8NQi3CZUUi https://t.co/x6CQpBxHL2
FoxNews,37,Sun Nov 05 23:01:24 +0000 2017,-0.4019,0.0,0.278,0.722,"Chelsea Handler Blames Republicans for Texas Massacre
https://t.co/igmwGSQMMx"
FoxNews,38,Sun Nov 05 22:58:42 +0000 2017,-0.3612,0.178,0.27,0.552,"Texas Shooting Witness: We Have to Overcome Evil With Good

https://t.co/aqM4cheMPk"
FoxNews,39,Sun Nov 05 22:54:04 +0000 2017,-0.6597,0.0,0.206,0.794,.@DanPatrick's message in the wake of the horrific mass shooting at First Baptist Church in Sutherland Springs.‚Ä¶ https://t.co/RkjnhftROL
FoxNews,40,Sun Nov 05 22:53:37 +0000 2017,0.0,0.0,0.0,1.0,.@JustinTrudeau responds to Sutherland Springs church shooting. https://t.co/8NQi3CZUUi https://t.co/Qt9ig7PRrN
FoxNews,41,Sun Nov 05 22:50:20 +0000 2017,0.0,0.0,0.0,1.0,Right Now: Awaiting news conference on #SutherlandSpringsShooting - For full coverage tune in to Fox News Channel.‚Ä¶ https://t.co/K5OqYhucrF
FoxNews,42,Sun Nov 05 22:48:43 +0000 2017,0.0,0.0,0.0,1.0,.@BernieSanders responds to Sutherland Springs church shooting. https://t.co/8NQi3CZUUi https://t.co/zNxHqLy9Ze
FoxNews,43,Sun Nov 05 22:47:13 +0000 2017,0.8086,0.329,0.0,0.671,".@DanPatrick: ""As Christians, we stand firm on a day like today in our faith. We will not be shaken in our faith fo‚Ä¶ https://t.co/cNzb6tBMrN"
FoxNews,44,Sun Nov 05 22:44:59 +0000 2017,-0.6705,0.0,0.31,0.69,Up to 27 killed in mass shooting at Texas church https://t.co/EmySBP97Nu
FoxNews,45,Sun Nov 05 22:36:58 +0000 2017,-0.2263,0.091,0.13,0.779,".@DanPatrick: ""We do not stand down when we are attacked. We stand up for the God that we love.""‚Ä¶ https://t.co/pViBpHfHEO"
FoxNews,46,Sun Nov 05 22:36:27 +0000 2017,0.4215,0.141,0.0,0.859,".@DanPatrick: ""We get through these times as believers... Faith is what gets all of us through this.""‚Ä¶ https://t.co/25S3ytG9Uy"
FoxNews,47,Sun Nov 05 22:34:33 +0000 2017,0.0,0.0,0.0,1.0,Right Now: Awaiting news conference on #SutherlandSpringsShooting - For full coverage tune in to Fox News Channel.‚Ä¶ https://t.co/alxXxqYNHF
FoxNews,48,Sun Nov 05 22:32:49 +0000 2017,-0.6705,0.0,0.333,0.667,"Pastor's 14-Year-Old Daughter Killed in #SutherlandSprings Texas Church Shooting
https://t.co/bwLRFPOrO2"
FoxNews,49,Sun Nov 05 22:29:53 +0000 2017,0.0,0.0,0.0,1.0,.@SenFranken responds to Sutherland Springs shooting. https://t.co/8NQi3CZUUi https://t.co/O49xnzNmLp
FoxNews,50,Sun Nov 05 22:24:16 +0000 2017,0.0,0.0,0.0,1.0,Texas church massacre among the deadliest US mass shootings https://t.co/igESUcx5Hp
FoxNews,51,Sun Nov 05 22:24:04 +0000 2017,0.0,0.0,0.0,1.0,"Sutherland Springs Witness: ""We just did what we do - we prayed."" https://t.co/oxEOUofTV3 https://t.co/c6lJaE4udI"
FoxNews,52,Sun Nov 05 22:22:04 +0000 2017,0.4168,0.152,0.0,0.848,".@_SBTC Exec Dir Richards: ""This will not stop the Gospel of Christ. This will not stop the godly people who seek t‚Ä¶ https://t.co/EeM4jchLLL"
FoxNews,53,Sun Nov 05 22:19:33 +0000 2017,-0.6705,0.0,0.333,0.667,.@RepCuellar: Pregnant woman among those killed in #SutherlandSpringsShooting. https://t.co/YAre0fZfhd https://t.co/cDegbAtkOu
FoxNews,54,Sun Nov 05 22:18:07 +0000 2017,0.0,0.0,0.0,1.0,Right Now: Awaiting news conference on #SutherlandSpringsShooting - For full coverage tune in to Fox News Channel.‚Ä¶ https://t.co/QUwuTofD4d
FoxNews,55,Sun Nov 05 22:15:01 +0000 2017,0.0,0.0,0.0,1.0,.@RepTimRyan responds to Sutherland Springs shooting. https://t.co/8NQi3DhvLQ https://t.co/QNPIDZcZLF
FoxNews,56,Sun Nov 05 22:09:01 +0000 2017,0.0,0.0,0.0,1.0,.@SpeakerRyan responds to Sutherland Springs shooting. https://t.co/8NQi3DhvLQ https://t.co/YfR4GlsGpy
FoxNews,57,Sun Nov 05 22:05:13 +0000 2017,-0.6705,0.0,0.231,0.769,".@KenPaxtonTX: ""There may be up to 25, 27 people killed, and many more injured."" #SutherlandSprings‚Ä¶ https://t.co/JL8zMZe8Ea"
FoxNews,58,Sun Nov 05 22:05:06 +0000 2017,0.0,0.0,0.0,1.0,.@IvankaTrump responds to Sutherland Springs shooting. https://t.co/8NQi3DhvLQ https://t.co/82wVYmZPW3
FoxNews,59,Sun Nov 05 22:03:42 +0000 2017,-0.8176,0.0,0.429,0.571,"At least 20 feared dead in mass shooting at #SutherlandSpringsTexas church
https://t.co/EmySBP97Nu"
FoxNews,60,Sun Nov 05 22:00:06 +0000 2017,0.0,0.0,0.0,1.0,.@JohnCornyn responds to Sutherland Springs shooting. https://t.co/8NQi3DhvLQ https://t.co/IaHwUbgznc
FoxNews,61,Sun Nov 05 21:56:00 +0000 2017,-0.6705,0.0,0.36,0.64,"Pastor's 14-Year-Old Daughter Killed in Texas Church Shooting
https://t.co/bwLRFPOrO2"
FoxNews,62,Sun Nov 05 21:48:29 +0000 2017,0.0,0.0,0.0,1.0,".@KenPaxtonTX: ""Everyone in the community is going to know someone... Who expects this on a Sunday morning in a chu‚Ä¶ https://t.co/JcACGGIBwL"
FoxNews,63,Sun Nov 05 21:46:50 +0000 2017,0.0,0.0,0.0,1.0,".@KenPaxtonTX: May take days or weeks to figure out gunman's motive, if ever. #SutherlandSpringsTexas https://t.co/QfHPjGO7Of"
FoxNews,64,Sun Nov 05 21:46:04 +0000 2017,0.0,0.0,0.0,1.0,.@nancypelosi responds to Sutherland Springs shooting. https://t.co/8NQi3DhvLQ https://t.co/k3vOSC7Ncl
FoxNews,65,Sun Nov 05 21:46:03 +0000 2017,-0.6705,0.0,0.231,0.769,".@KenPaxtonTX: ""There may be up to 25, 27 people killed, and many more injured."" #SutherlandSpringsTexas https://t.co/X9FawGfAt4"
FoxNews,66,Sun Nov 05 21:44:33 +0000 2017,0.0,0.0,0.0,1.0,"Moments ago, @GregAbbott_TX tweeted that he was heading to #SutherlandSprings. https://t.co/YAre0fZfhd https://t.co/Fg7wQXGzQO"
FoxNews,67,Sun Nov 05 21:32:03 +0000 2017,0.0,0.0,0.0,1.0,.@FLOTUS responds to Sutherland Springs shooting. https://t.co/8NQi3DhvLQ https://t.co/jCFRLxCQOO
FoxNews,68,Sun Nov 05 21:30:11 +0000 2017,-0.6705,0.0,0.209,0.791,".@ArthelNeville: Daughter of Pastor Frank Pomeroy of First Baptist Church in Sutherland Springs, Texas, killed in h‚Ä¶ https://t.co/yHOn2dUXqw"
FoxNews,69,Sun Nov 05 21:29:21 +0000 2017,0.0,0.0,0.0,1.0,"Sutherland Springs, Texas, church shooting the deadliest church shooting in almost 20 years. https://t.co/YAre0fHDSD https://t.co/U8FKkOe3e6"
FoxNews,70,Sun Nov 05 21:23:38 +0000 2017,0.0,0.0,0.0,1.0,.@tedcruz responds to Sutherland Springs shooting. https://t.co/8NQi3CZUUi https://t.co/AEsAaiBIau
FoxNews,71,Sun Nov 05 21:18:15 +0000 2017,0.4168,0.152,0.0,0.848,".@_SBTC Exec Dir Richards: ""This will not stop the Gospel of Christ. This will not stop the godly people who seek t‚Ä¶ https://t.co/qZ3vbCISNb"
FoxNews,72,Sun Nov 05 21:11:09 +0000 2017,-0.3612,0.168,0.254,0.578,Texas Shooting Witness: We Have to Overcome Evil With Good https://t.co/oxEOUofTV3 https://t.co/sDXgGS5jDI
FoxNews,73,Sun Nov 05 21:04:23 +0000 2017,0.0,0.0,0.0,1.0,"Moments ago, @FLOTUS tweeted about the Sutherland Springs, Texas shooting. https://t.co/YAre0fZfhd https://t.co/DL7H0v8R2T"
FoxNews,74,Sun Nov 05 20:56:56 +0000 2017,-0.6705,0.0,0.273,0.727,"Police: 20-24 people killed in church shooting in Sutherland Springs, Texas. https://t.co/YAre0fHDSD https://t.co/uPo2JiyN3I"
FoxNews,75,Sun Nov 05 20:51:02 +0000 2017,-0.8176,0.0,0.405,0.595,At least 20 feared dead in mass shooting at Texas church https://t.co/YAre0fHDSD https://t.co/iNTUnjN0XV
FoxNews,76,Sun Nov 05 20:50:27 +0000 2017,-0.6705,0.0,0.273,0.727,"Police: 20-24 people killed in church shooting in Sutherland Springs, Texas. https://t.co/YAre0fZfhd https://t.co/Pw7gpKHRfH"
FoxNews,77,Sun Nov 05 20:44:24 +0000 2017,-0.8176,0.0,0.405,0.595,At least 20 feared dead in ‚Äòmass shooting‚Äô at Texas church https://t.co/YAre0fHDSD https://t.co/LP83xPnv1Y
FoxNews,78,Sun Nov 05 20:43:56 +0000 2017,0.0,0.0,0.0,1.0,".@IvankaTrump on Sutherland Springs, Texas shooting. https://t.co/YAre0fZfhd https://t.co/UIgT5kT3B3"
FoxNews,79,Sun Nov 05 20:39:58 +0000 2017,0.0,0.0,0.0,1.0,".@JohnCornyn on Sutherland Springs, Texas shooting. https://t.co/YAre0fZfhd https://t.co/I0sa8eph0O"
FoxNews,80,Sun Nov 05 20:38:25 +0000 2017,0.0,0.0,0.0,1.0,".@tedcruz on Sutherland Springs, Texas shooting. https://t.co/YAre0fZfhd https://t.co/JKpKZw4zF4"
FoxNews,81,Sun Nov 05 20:35:03 +0000 2017,-0.8176,0.0,0.405,0.595,At least 20 feared dead in ‚Äòmass shooting‚Äô at Texas church https://t.co/YAre0fHDSD https://t.co/EZUwuPsZgR
FoxNews,82,Sun Nov 05 20:34:59 +0000 2017,0.0,0.0,0.0,1.0,"Texas church shooting: Trump, politicians react https://t.co/l44UHGruL0 #FOXNewsUS https://t.co/aeBoja1k1t"
FoxNews,83,Sun Nov 05 20:34:47 +0000 2017,0.0,0.0,0.0,1.0,"Moments ago, @nikkihaley tweeted about the Sutherland Springs, Texas shooting. https://t.co/YAre0fZfhd https://t.co/KiJxV46wYb"
FoxNews,84,Sun Nov 05 20:32:09 +0000 2017,0.0,0.0,0.0,1.0,".@GregAbbott_TX's statement on Sutherland Springs, Texas shooting. https://t.co/YAre0fZfhd https://t.co/GxbPqh15Qk"
FoxNews,85,Sun Nov 05 20:27:09 +0000 2017,0.0,0.0,0.0,1.0,"Moments ago, @VP Mike Pence tweeted about the church shooting in Sutherland Springs, Texas. https://t.co/YAre0fZfhd https://t.co/x0bokTHkiX"
FoxNews,86,Sun Nov 05 20:22:57 +0000 2017,0.0,0.0,0.0,1.0,"Moments ago, President @realDonaldTrump tweeted about the church shooting in Sutherland Springs, Texas.‚Ä¶ https://t.co/awDwNW1pGp"
FoxNews,87,Sun Nov 05 20:10:14 +0000 2017,-0.6597,0.0,0.239,0.761,"Sutherland Springs Witness: ""The Bible tells us that we overcome evil with good."" https://t.co/YAre0fHDSD https://t.co/GQ5zgGiUiU"
FoxNews,88,Sun Nov 05 20:09:15 +0000 2017,0.0,0.0,0.0,1.0,".@realDonaldTrump on church shooting in Sutherland Springs, Texas. https://t.co/YAre0fZfhd https://t.co/dlwtYJzPiy"
FoxNews,89,Sun Nov 05 20:06:09 +0000 2017,-0.7717,0.0,0.379,0.621,Report: Man who opened fire on #Texas church now dead. #SutherlandSprings https://t.co/YAre0fHDSD https://t.co/oyDeu3zspF
FoxNews,90,Sun Nov 05 19:56:20 +0000 2017,0.0,0.0,0.0,1.0,".@BryanLlenas: Sutherland Springs a very small community, church has about 50 members. https://t.co/YAre0fHDSD https://t.co/zRaQ0ee5Zl"
FoxNews,91,Sun Nov 05 19:49:38 +0000 2017,0.0,0.0,0.0,1.0,".@TXAG Ken Paxton on Sutherland Springs, Texas shooting. https://t.co/YAre0fZfhd https://t.co/3LruH4YFhY"
FoxNews,92,Sun Nov 05 19:46:16 +0000 2017,0.0,0.0,0.0,1.0,".@GregAbbott_TX on Sutherland Springs, Texas shooting. https://t.co/YAre0fZfhd https://t.co/ajsyfTbveK"
FoxNews,93,Sun Nov 05 19:44:35 +0000 2017,-0.7003,0.0,0.266,0.734,"Multiple casualty situation after man opens fire at Sutherland Springs, Texas church - Fox News has live coverage.‚Ä¶ https://t.co/1qQhcBdQAJ"
FoxNews,94,Sun Nov 05 19:38:44 +0000 2017,0.0,0.0,0.0,1.0,".@EricShawnTV: Reports: 2 year-old and other children among those shot, multiple deaths. #SutherlandSprings https://t.co/orVVpoOaWc"
FoxNews,95,Sun Nov 05 19:35:48 +0000 2017,-0.7003,0.0,0.326,0.674,"Multiple casualty situation after man opens fire at Sutherland Springs, Texas church. https://t.co/YAre0fHDSD https://t.co/oqFEXLld3S"
FoxNews,96,Sun Nov 05 19:25:55 +0000 2017,-0.6705,0.0,0.209,0.791,DEVELOPING: Several people reportedly shot &amp; killed in ‚Äúmass shooting‚Äù at Texas church. For continuing live coverag‚Ä¶ https://t.co/NjxwXS2JG3
FoxNews,97,Sun Nov 05 19:23:20 +0000 2017,-0.34,0.0,0.124,0.876,"First responders on scene of church shooting in Sutherland Springs, Texas; man who opened fire reportedly dead.‚Ä¶ https://t.co/7xvicaqju3"
FoxNews,98,Sun Nov 05 19:11:08 +0000 2017,0.0,0.0,0.0,1.0,"'Mass shooting' reported at Sutherland Springs church in Texas
 https://t.co/YAre0fZfhd"
FoxNews,99,Sun Nov 05 19:00:10 +0000 2017,0.4019,0.197,0.0,0.803,"BREAKING NEWS: Active shooter at Texas Baptist Church, several people shot. https://t.co/sqlN3HUGHl"
FoxNews,100,Sun Nov 05 18:54:07 +0000 2017,0.5859,0.213,0.0,0.787,Shalane Flanagan becomes first American woman to win NYC Marathon in 40 years https://t.co/fhHAfaqGAL https://t.co/5IU8n4VByi
nytimes,1,Sun Nov 05 23:32:37 +0000 2017,-0.296,0.0,0.196,0.804,News Analysis: No One Knows What Britain Is Anymore https://t.co/WiCi0aayDA
nytimes,2,Sun Nov 05 23:20:39 +0000 2017,0.128,0.152,0.13,0.717,"Saudi Arabia‚Äôs sweeping campaign of arrests included Prince Alwaleed bin Talal, one of the world‚Äôs richest men https://t.co/1LDPi6hekH"
nytimes,3,Sun Nov 05 23:00:08 +0000 2017,0.0,0.0,0.0,1.0,"Disney scored big with Marvel‚Äôs ""Thor: Ragnarok,‚Äù which took in more than $400 million globally over the weekend https://t.co/A8p7rnVTdj"
nytimes,4,Sun Nov 05 22:59:12 +0000 2017,-0.4767,0.0,0.22,0.78,A Word With: Laurence Fishburne on the Role That Made Him Cry https://t.co/QnysIAl6jA
nytimes,5,Sun Nov 05 22:45:05 +0000 2017,0.1779,0.13,0.097,0.773,"An army of on-the-ground operatives push the government‚Äôs policies, help purvey its propaganda and act as lookouts https://t.co/tRWBOkSPjd"
nytimes,6,Sun Nov 05 22:42:21 +0000 2017,-0.6486,0.0,0.281,0.719,A pregnant woman and children were said to be among the dead https://t.co/UyzS0yzyql
nytimes,7,Sun Nov 05 22:30:12 +0000 2017,0.4215,0.157,0.0,0.843,Being defined by her profession and not merely by her gender remains a work in progress https://t.co/vq87gh8LaS
nytimes,8,Sun Nov 05 22:15:07 +0000 2017,0.0,0.0,0.0,1.0,"Before Teen Vogue got ""woke,"" it was an incubator for people we now call influencers https://t.co/lHUveiOglv"
nytimes,9,Sun Nov 05 22:00:17 +0000 2017,0.5267,0.139,0.0,0.861,An NYT reader's reaction to an American woman winning the New York City Marathon for the first time in 40 years‚Ä¶ https://t.co/7orzqiC2bK
nytimes,10,Sun Nov 05 21:55:48 +0000 2017,-0.7783,0.0,0.274,0.726,"A gunman walked into a small Baptist church in rural Texas on Sunday and opened fire, killing at least 25 people https://t.co/AfZei630bd"
nytimes,11,Sun Nov 05 21:45:05 +0000 2017,0.2732,0.154,0.1,0.746,Google and others are looking for automated ways to deal with a shortage of artificial intelligence experts https://t.co/Ftf0bP3p3l
nytimes,12,Sun Nov 05 21:38:02 +0000 2017,-0.6808,0.0,0.272,0.728,"A few weeks after being banned in London, Uber is waging a new high-stakes regulatory fight in Brazil https://t.co/X7XyzcGrz3"
nytimes,13,Sun Nov 05 21:30:18 +0000 2017,0.0,0.0,0.0,1.0,"Videos of the church show at least 30 people, including many children, attending Sunday service in recent weeks https://t.co/z2JQTdkVEM"
nytimes,14,Sun Nov 05 21:25:45 +0000 2017,0.0,0.0,0.0,1.0,The move appeared to be the most sweeping shift in governance Saudi Arabia has experienced for more than 8 decades https://t.co/Ampn9lvcLG
nytimes,15,Sun Nov 05 21:15:04 +0000 2017,0.0772,0.168,0.204,0.628,Documents reveal how multinational companies avoid taxes and how the superrich hide their wealth https://t.co/cCIHZV7GxY
nytimes,16,Sun Nov 05 21:00:20 +0000 2017,0.0,0.0,0.0,1.0,"Part of the agenda of ‚ÄúUncommon Sense"" is to illustrate just how broad and multicolored the autism spectrum is https://t.co/mDzqRIOAom"
nytimes,17,Sun Nov 05 20:58:15 +0000 2017,0.0,0.0,0.0,1.0,Carson Wentz and the Philadelphia Eagles absolutely toyed with the Denver Broncos https://t.co/xawW4nUuGl
nytimes,18,Sun Nov 05 20:52:03 +0000 2017,-0.3353,0.0,0.155,0.845,Conan O‚ÄôBrien may be taking more artistic risks than any other late-night host https://t.co/4shU1bgOCo
nytimes,19,Sun Nov 05 20:49:18 +0000 2017,-0.296,0.0,0.104,0.896,"RT @arappeport: I.R.S. commissioner, demonized by conservatives, leaves on his terms w/ no apologies. ‚ÄúSurvival is its own reward.‚Äù https:/‚Ä¶"
nytimes,20,Sun Nov 05 20:45:05 +0000 2017,0.0772,0.158,0.14,0.702,Democrats argue that the wave of retirements will help them retake the House https://t.co/IzVkertrVt
nytimes,21,Sun Nov 05 23:32:37 +0000 2017,-0.296,0.0,0.196,0.804,News Analysis: No One Knows What Britain Is Anymore https://t.co/WiCi0aayDA
nytimes,22,Sun Nov 05 23:20:39 +0000 2017,0.128,0.152,0.13,0.717,"Saudi Arabia‚Äôs sweeping campaign of arrests included Prince Alwaleed bin Talal, one of the world‚Äôs richest men https://t.co/1LDPi6hekH"
nytimes,23,Sun Nov 05 23:00:08 +0000 2017,0.0,0.0,0.0,1.0,"Disney scored big with Marvel‚Äôs ""Thor: Ragnarok,‚Äù which took in more than $400 million globally over the weekend https://t.co/A8p7rnVTdj"
nytimes,24,Sun Nov 05 22:59:12 +0000 2017,-0.4767,0.0,0.22,0.78,A Word With: Laurence Fishburne on the Role That Made Him Cry https://t.co/QnysIAl6jA
nytimes,25,Sun Nov 05 22:45:05 +0000 2017,0.1779,0.13,0.097,0.773,"An army of on-the-ground operatives push the government‚Äôs policies, help purvey its propaganda and act as lookouts https://t.co/tRWBOkSPjd"
nytimes,26,Sun Nov 05 22:42:21 +0000 2017,-0.6486,0.0,0.281,0.719,A pregnant woman and children were said to be among the dead https://t.co/UyzS0yzyql
nytimes,27,Sun Nov 05 22:30:12 +0000 2017,0.4215,0.157,0.0,0.843,Being defined by her profession and not merely by her gender remains a work in progress https://t.co/vq87gh8LaS
nytimes,28,Sun Nov 05 22:15:07 +0000 2017,0.0,0.0,0.0,1.0,"Before Teen Vogue got ""woke,"" it was an incubator for people we now call influencers https://t.co/lHUveiOglv"
nytimes,29,Sun Nov 05 22:00:17 +0000 2017,0.5267,0.139,0.0,0.861,An NYT reader's reaction to an American woman winning the New York City Marathon for the first time in 40 years‚Ä¶ https://t.co/7orzqiC2bK
nytimes,30,Sun Nov 05 21:55:48 +0000 2017,-0.7783,0.0,0.274,0.726,"A gunman walked into a small Baptist church in rural Texas on Sunday and opened fire, killing at least 25 people https://t.co/AfZei630bd"
nytimes,31,Sun Nov 05 21:45:05 +0000 2017,0.2732,0.154,0.1,0.746,Google and others are looking for automated ways to deal with a shortage of artificial intelligence experts https://t.co/Ftf0bP3p3l
nytimes,32,Sun Nov 05 21:38:02 +0000 2017,-0.6808,0.0,0.272,0.728,"A few weeks after being banned in London, Uber is waging a new high-stakes regulatory fight in Brazil https://t.co/X7XyzcGrz3"
nytimes,33,Sun Nov 05 21:30:18 +0000 2017,0.0,0.0,0.0,1.0,"Videos of the church show at least 30 people, including many children, attending Sunday service in recent weeks https://t.co/z2JQTdkVEM"
nytimes,34,Sun Nov 05 21:25:45 +0000 2017,0.0,0.0,0.0,1.0,The move appeared to be the most sweeping shift in governance Saudi Arabia has experienced for more than 8 decades https://t.co/Ampn9lvcLG
nytimes,35,Sun Nov 05 21:15:04 +0000 2017,0.0772,0.168,0.204,0.628,Documents reveal how multinational companies avoid taxes and how the superrich hide their wealth https://t.co/cCIHZV7GxY
nytimes,36,Sun Nov 05 21:00:20 +0000 2017,0.0,0.0,0.0,1.0,"Part of the agenda of ‚ÄúUncommon Sense"" is to illustrate just how broad and multicolored the autism spectrum is https://t.co/mDzqRIOAom"
nytimes,37,Sun Nov 05 20:58:15 +0000 2017,0.0,0.0,0.0,1.0,Carson Wentz and the Philadelphia Eagles absolutely toyed with the Denver Broncos https://t.co/xawW4nUuGl
nytimes,38,Sun Nov 05 20:52:03 +0000 2017,-0.3353,0.0,0.155,0.845,Conan O‚ÄôBrien may be taking more artistic risks than any other late-night host https://t.co/4shU1bgOCo
nytimes,39,Sun Nov 05 20:49:18 +0000 2017,-0.296,0.0,0.104,0.896,"RT @arappeport: I.R.S. commissioner, demonized by conservatives, leaves on his terms w/ no apologies. ‚ÄúSurvival is its own reward.‚Äù https:/‚Ä¶"
nytimes,40,Sun Nov 05 20:45:05 +0000 2017,0.0772,0.158,0.14,0.702,Democrats argue that the wave of retirements will help them retake the House https://t.co/IzVkertrVt
nytimes,41,Sun Nov 05 20:37:08 +0000 2017,-0.4019,0.109,0.211,0.679,"He kept crime rates low in his first term. Now, Mayor de Blasio has a plan to make police officers nicer. https://t.co/9W1fI7EGcw"
nytimes,42,Sun Nov 05 20:30:06 +0000 2017,0.3612,0.172,0.0,0.828,We used VR to explore what music feels like to a deaf person https://t.co/ApNIF1loo1
nytimes,43,Sun Nov 05 20:22:32 +0000 2017,-0.6705,0.0,0.184,0.816,More than 20 people were killed after a gunman walked into a church in a rural town 30 miles east of San Antonio https://t.co/eL5QUzCWv6
nytimes,44,Sun Nov 05 20:15:03 +0000 2017,0.3818,0.221,0.104,0.676,"When behavior goes unseen or ignored by employers, ‚Äúwhisper networks‚Äù can provide women with vital support systems https://t.co/4V2qikUqdq"
nytimes,45,Sun Nov 05 20:00:13 +0000 2017,0.0,0.0,0.0,1.0,"‚ÄúThere‚Äôs a public perception... that Canada is a steward of the environment, but in fact the opposite is true‚Äù https://t.co/DGu2q2v0uc"
nytimes,46,Sun Nov 05 19:56:59 +0000 2017,-0.6705,0.0,0.22,0.78,"Breaking News: Several people were killed, including the gunman, in a shooting at a church near San Antonio https://t.co/FXvUKLFCZh"
nytimes,47,Sun Nov 05 19:45:05 +0000 2017,0.3612,0.135,0.0,0.865,"In books like ‚ÄúMy Secret Garden: Women‚Äôs Sexual Fantasies,‚Äù Nancy Friday helped establish ‚Äúa confessional feminism‚Äù https://t.co/0Jo4hBnt22"
nytimes,48,Sun Nov 05 19:30:04 +0000 2017,0.34,0.24,0.187,0.573,"Opinion: By fretting about food, we turn occasions for comfort and joy into sources of fear and anxiety https://t.co/E1xfBbPsoz"
nytimes,49,Sun Nov 05 19:15:06 +0000 2017,0.0,0.0,0.0,1.0,Many parennials give their children YouTube channels from the first sonogram and hashtags when they‚Äôre born https://t.co/SfIeFdaJkI
nytimes,50,Sun Nov 05 19:00:11 +0000 2017,0.0,0.0,0.0,1.0,"Michael Urie's first reaction to taking over Harvey Fierstein's part in ""Torch Song""? ""It was way too scary."" https://t.co/5iEkuJIL3b"
nytimes,51,Sun Nov 05 18:45:07 +0000 2017,0.0,0.0,0.0,1.0,Behind Yuri Milner's investments in Facebook and Twitter were hundreds of millions of dollars from the Kremlin https://t.co/1nVIa0y2zf
nytimes,52,Sun Nov 05 18:44:32 +0000 2017,0.802,0.387,0.0,0.613,@jeffbercovici We sent a sports alert for Shalane Flanagan's victory: https://t.co/zae1UjlCfH. Kamworor's win also received a sports alert.
nytimes,53,Sun Nov 05 18:30:03 +0000 2017,-0.3612,0.0,0.135,0.865,Even the columnist‚Äôs daughter criticized his description of the press secretary as a ‚Äúslightly chunky soccer mom‚Äù https://t.co/IDmfVEC1tJ
nytimes,54,Sun Nov 05 18:15:07 +0000 2017,0.6369,0.257,0.0,0.743,Commerce Secretary Wilbur Ross has profited handsomely from a shipping company with business ties to Putin‚Äôs family https://t.co/DkZO3TdANj
nytimes,55,Sun Nov 05 18:00:16 +0000 2017,0.4215,0.157,0.081,0.763,"With tears and maybe a few colorful words, Flanagan won the race with a time of 2 hours 26 minutes 53 seconds‚Ä¶ https://t.co/0LhSE1xlcO"
nytimes,56,Sun Nov 05 17:45:12 +0000 2017,-0.7783,0.0,0.404,0.596,"‚ÄúNo one ‚Äî no dictator, no regime and no nation ‚Äî should underestimate, ever, American resolve,‚Äù Trump said https://t.co/NwU7mi9SWb"
nytimes,57,Sun Nov 05 17:30:08 +0000 2017,-0.4939,0.0,0.244,0.756,Spanish authorities are seeking to prosecute 20 politicians on rebellion for declaring Catalonia‚Äôs independence https://t.co/ynd3olMZZc
nytimes,58,Sun Nov 05 17:15:12 +0000 2017,0.2023,0.167,0.0,0.833,Here are the top story lines for NFL Week 9 https://t.co/IjblFapJPY
nytimes,59,Sun Nov 05 17:05:26 +0000 2017,0.8225,0.369,0.0,0.631,"Geoffrey Kamworor of Kenya, a two-time world champion in the half-marathon, won the men‚Äôs race https://t.co/25dHU1O74x"
nytimes,60,Sun Nov 05 17:00:16 +0000 2017,0.25,0.118,0.0,0.882,Why was Larry David making jokes about trying to pick up women at a concentration camp? https://t.co/9hp5blyqf2
nytimes,61,Sun Nov 05 16:51:12 +0000 2017,0.5719,0.179,0.0,0.821,"Shalane Flanagan won the New York City Marathon, the first American woman to finish first since 1977 https://t.co/Ge88TTiRRh"
nytimes,62,Sun Nov 05 16:45:04 +0000 2017,-0.4019,0.0,0.144,0.856,The 6 crew members living in isolation for a NASA-funded study exit their habitat in Hawaii after 8 months‚Ä¶ https://t.co/SZ5TUVfAKE
nytimes,63,Sun Nov 05 16:30:07 +0000 2017,-0.4215,0.0,0.203,0.797,"Opinion: Everyone lies to the tax man, knowingly or unknowingly https://t.co/NI9jte1r0n https://t.co/5YOOU6oH0c"
nytimes,64,Sun Nov 05 16:15:08 +0000 2017,0.0,0.0,0.0,1.0,"An act of defiance and audacity that helped propel the long, slow march to women‚Äôs suffrage https://t.co/BcDhDMU1Ur"
nytimes,65,Sun Nov 05 16:00:04 +0000 2017,-0.8834,0.0,0.392,0.608,A Catholic deacon who ran a transitional home for men with a history of addiction or crime was stabbed to death https://t.co/XiIjOU4UJw
nytimes,66,Sun Nov 05 15:47:51 +0000 2017,0.0387,0.052,0.0,0.948,"RT @nytopinion: Will the G.O.P. try to challenge Trump in 2020? His unpopularity is stark, but not among his party‚Äôs voters. 
https://t.co/‚Ä¶"
nytimes,67,Sun Nov 05 15:45:03 +0000 2017,0.0,0.0,0.0,1.0,Should Americans switch to year-round Daylight Saving Time? https://t.co/2truGkvPLo (This story from March is rather timely today.)
nytimes,68,Sun Nov 05 15:30:10 +0000 2017,0.0,0.0,0.0,1.0,Aaaaand they‚Äôre off https://t.co/a6WDwWi4Uh
nytimes,69,Sun Nov 05 15:15:08 +0000 2017,-0.4215,0.0,0.157,0.843,"His is a family of doers in the face of adversity, whether a marathon or political oppression https://t.co/Jd4WQsTN8R"
nytimes,70,Sun Nov 05 15:02:07 +0000 2017,0.6124,0.301,0.12,0.58,"Britain now stands as one of the world‚Äôs weakest major economies, even as the world enjoys relatively robust growth https://t.co/uRtlH5ygaM"
nytimes,71,Sun Nov 05 14:50:09 +0000 2017,0.0,0.0,0.0,1.0,RT @dougmillsnyt: .@realDonaldTrump waves from the golf cart as @AbeShinzo drives them to the clubhouse in Tokyo Japan. #POTUSinAsia https:‚Ä¶
nytimes,72,Sun Nov 05 14:45:31 +0000 2017,0.0,0.0,0.0,1.0,Malliotakis as Manager: Lessons From Hurricane Sandy and Albany https://t.co/TXl978tjao
nytimes,73,Sun Nov 05 14:25:39 +0000 2017,0.0,0.0,0.0,1.0,Ex-Leader of Catalonia Turns Himself In to Police in Brussels https://t.co/iwAG5wzajD
nytimes,74,Sun Nov 05 14:19:34 +0000 2017,0.0,0.0,0.0,1.0,üèÖ¬†https://t.co/1Uo2dIlkKC
nytimes,75,Sun Nov 05 14:12:03 +0000 2017,0.6249,0.157,0.0,0.843,RT @NYTSports: The marathon great Meb Keflezighi is retiring by running the New York City Marathon on Sunday. What will you do? https://t.c‚Ä¶
nytimes,76,Sun Nov 05 13:53:34 +0000 2017,-0.4215,0.094,0.209,0.697,The White House had no immediate comment on whether Trump‚Äôs call should be interpreted as an endorsement of arrests https://t.co/NQ4q09r4hH
nytimes,77,Sun Nov 05 13:46:05 +0000 2017,0.4588,0.167,0.0,0.833,"Among Prince Alwaleed‚Äôs crown jewels: sizable stakes in Twitter, Lyft, Citigroup and 21st Century Fox https://t.co/IreBfYVeqP"
nytimes,78,Sun Nov 05 13:40:03 +0000 2017,0.128,0.152,0.13,0.717,"Saudi Arabia‚Äôs sweeping campaign of arrests included Prince Alwaleed bin Talal, one of the world‚Äôs richest men https://t.co/EpWCYe8tky"
nytimes,79,Sun Nov 05 13:30:12 +0000 2017,-0.2263,0.0,0.101,0.899,"It's the stuff of liberal fantasies: a vast, defiant territory governed by Democrats resisting Trump at every turn https://t.co/1YbErsvnr2"
nytimes,80,Sun Nov 05 13:17:40 +0000 2017,0.0,0.0,0.0,1.0,Life on Mars: Return to Earth https://t.co/O4xTfSV87h
nytimes,81,Sun Nov 05 13:14:49 +0000 2017,0.0,0.0,0.0,1.0,Upshot/Siena Poll Gives Democrat Narrow Lead in Virginia Governor‚Äôs Race https://t.co/Ko32pgfnjf
nytimes,82,Sun Nov 05 13:00:16 +0000 2017,0.0,0.0,0.0,1.0,Who gets to go on a major presidential trip? It's an exercise in internal politics. https://t.co/kyeg52T5U8
nytimes,83,Sun Nov 05 12:45:06 +0000 2017,0.0572,0.061,0.052,0.887,"In 1972, NYC marathon organizer Fred Lebow contacted The Times. Be at the start, he said. You won't want to miss it‚Ä¶ https://t.co/ux8tmN1nAq"
nytimes,84,Sun Nov 05 12:30:09 +0000 2017,-0.6249,0.0,0.177,0.823,Detroit is still trying to recover after the 2008 financial crisis and the 2013 bankruptcy gutted its housing market https://t.co/zkip3W6RpG
nytimes,85,Sun Nov 05 12:21:08 +0000 2017,0.0,0.0,0.0,1.0,Exposures: Puerto Rico in the Dark https://t.co/NQjNp6sEbN
nytimes,86,Sun Nov 05 12:00:27 +0000 2017,0.0,0.0,0.0,1.0,Tucked away in the GOP tax plan are several provisions meant to get conservative lawmakers to vote for it https://t.co/JhwFcvUnQO
nytimes,87,Sun Nov 05 11:57:51 +0000 2017,-0.2484,0.0,0.153,0.847,"More Anxiety, and More Police, Expected at New York City Marathon https://t.co/6fDeAbbarg"
nytimes,88,Sun Nov 05 11:30:09 +0000 2017,0.0,0.0,0.0,1.0,Joe Lockhart was in the crossfire during the Clinton impeachment. Now he's defending NFL players kneeling. https://t.co/0pvoi3r2cO
nytimes,89,Sun Nov 05 11:11:30 +0000 2017,0.5106,0.216,0.0,0.784,Field Notes: The Bridal Shop Just Closed. How to Rescue the Day. https://t.co/14hs5vDWmc
nytimes,90,Sun Nov 05 11:00:18 +0000 2017,-0.5106,0.0,0.18,0.82,Youtube contains dark corners as videos that are disturbing for children slip past its filters https://t.co/C94P59X5wV
nytimes,91,Sun Nov 05 09:50:29 +0000 2017,0.6369,0.296,0.0,0.704,"Modern Love: Recognizing What They Had, 20 Years Too Late https://t.co/v1K37ABIvw"
nytimes,92,Sun Nov 05 09:47:09 +0000 2017,0.0,0.0,0.0,1.0,Global Health: Deadly Plague Outbreak in Madagascar Appears to Wane https://t.co/E40FVRku1n
nytimes,93,Sun Nov 05 09:45:33 +0000 2017,0.0,0.0,0.0,1.0,The 2018 Michelin Guide New York City has been released https://t.co/sN9Sv5HmCF
nytimes,94,Sun Nov 05 09:28:11 +0000 2017,0.0,0.0,0.0,1.0,"The week's 10 most notable new songs, including Bruce Springsteen and Rihanna https://t.co/SgbiIf7UEu"
nytimes,95,Sun Nov 05 09:10:30 +0000 2017,-0.8126,0.0,0.27,0.73,These musicians are forced to perform for high-caste Hindus. But the killing of one of their own was the last straw. https://t.co/yIm1nXUJFq
nytimes,96,Sun Nov 05 08:53:20 +0000 2017,-0.3632,0.0,0.18,0.82,Designers have finally figured out how to dress Olympic athletes without looking like they're trying too hard https://t.co/TVfFSWB4xp
nytimes,97,Sun Nov 05 08:36:23 +0000 2017,0.0,0.0,0.0,1.0,How Facebook's algorithm determines the fate of start-ups https://t.co/8kTuBBKeEH
nytimes,98,Sun Nov 05 08:18:57 +0000 2017,-0.5106,0.0,0.185,0.815,"Tens of thousands of people in Togo are demanding the nation's president resign, whose family has ruled for 50 years https://t.co/CbqY1GCLKv"
nytimes,99,Sun Nov 05 08:00:18 +0000 2017,-0.1531,0.0,0.11,0.89,‚ÄòSaturday Night Live‚Äô: Alec Baldwin and Larry David Contribute to an Awkward Episode https://t.co/pok8aizcN8
nytimes,100,Sun Nov 05 07:55:44 +0000 2017,0.4767,0.193,0.0,0.807,Japanese art is more than just clich√© zen gardens and cutesy Hello Kitty https://t.co/kKL3U9MxzI
